1	영화가 끝나고 자인이 드디어 보통의 삶을 영위하게 되었다는 에필로그 자막을 보고도 안도할 수가 없었다. 수많은 어린 자인들이 한 줄기 희망조차 없는 삶 속에서 자인을 낳고, 그 자인은 커서 또 자인을 낳고 그렇게 비극이 반복된다는 현실을 알고 있기 때문에. . 대안 없는 누군가의 삶을 눈으로 연민하고 있는 내가 밉고 고통스러웠다.
2	유토피아의 전제는 디스토피아에 대한 무관심
3	79년 당시 관객들이 느꼈을 공포를 45년이 지난 지금 다시 느끼게 되다
4	연기잘한다 돈많이 썻겠다
5	굿바이 빙봉
6	걱정도, 문제도 많았던 00년대였지만, 그래도 끝까지 버텨내길 잘했다. 그렇지?
7	He did it
8	'좋은 구경했다'는 정도지 '좋은 영화'인가에 대한 질문은 물음표. 사실 아이맥스를 굳이 고집해야 할 이유도 없음. 우주신은 생각보다 덜 인상적이고 한스짐머 음악도 진부함
9	차태현 배우의 코메디는 최고. 근데 키스신은 싫었다.
10	서로 다르기 때문에 보이는 새로운 아름다움.
11	타짜느낌이 나는구만
12	괸 물에서 계속 놀면 괴물이 될 것 같아. 난 흐를래
13	용두망미. 용으로 시작해서 이무기로 끝나다. 듄2는 후반부 확장판이 필요하다
14	(S) 소리를 들으면 보이는 것들을 완벽하게 구현해낸 경이적 체험
15	영화 전체를 관통하는 스포일러!! 1분1초까지 스포일러하는 후기. 너무 좋아서 영화관에서 볼펜과 포스트잇을 찾아 신나게 적었다. - 맨처음에 감독이 나와 "숨도 쉬지말고 생각도 하지말고 방구도 뀌지 마세요"란 말 할 때 2시간동안??하고 놀랐는데 다 보고 나니 정말 그랬다. 이 영화는 처음부터 끝까지 일분일초를 계획했고 떡밥이 많은 영화니까 이 장면을 당장 판단하지말고(하지만 이건 정말 멈출
16	인간이 끊임없이 희구하는 마음들을 모두 담아내면.
17	사랑은 야수도 미남으로 보이게 한다 어린시절 향수를 불러일으키는걸로 만족🙄
18	나오미 스콧이 너무 예뻐서 한동안 계속 찾아볼듯.. 쟈스민의 Speachless가 귀에서 떠나지 않는다. 겨울 왕국 부터였나.. 그전에 라푼젤부터였나 디즈니 영화에서 남자 캐릭터는 점점 들러리에 가까운 느낌이 강한데 알라딘 역시 어느샌가 쟈스민이 극을 이끌어 나가고 있는데 전혀 어색함이 없다.
19	# 맛이 평범해도 이 집밖에 안파는 메뉴라면 가산점을 줄 수밖에 없잖아? # 영화를 완성시킨건 영화밖의 현실 영화에서 제대로 한장면도 안나온 훌켄버그가 이 영화를 완성시켜줄 줄 누가 알았으랴 # 온세상이 억까 억까를 되게만들려는 무리수의 충돌 정말 이 스토리가 최선이었을까. 왠지 모르겠지만 사이버 포뮬러에서 봤던 클리셰들이 자꾸 튀어나온다. 저건 하야토.. 저건 나이트 슈마허.. # 그럼에도
20	단순한 흥미나 볼거리로 보자면 매우 우수하지만 그 많은 제작비와 잘살린 배우들의 개성을 진부한 설정과 값싼 표현법들로 격하 시킨 기분이 개인적으로 많이 느껴짐
21	매너가 사람을 만든다 또 한번 꼭보기!!
22	어벤져스3로 가는 징검다리인 동시에 새로운 세계관을 쌓아가는 과정. 특출난 작품은 아니지만 특별한 실험이었다.
23	9.3/유쾌상쾌통쾌의 삼박자를 고루 갖추기란 꽤나 힘들텐데도 유쾌한 분위기로 시작해 깔끔하고 화끈하게 밀어붙이다가 마지막 승리로 통쾌함까지 확실히 챙기는, 잘 만든 범죄액션 영화임. / 팀원들끼리 농담도 따먹고 티격태격도 하고, 범인을 잡을 땐 신나게 춤까지 추는 초반부의 유쾌함은 웃음을 주긴 하지만 조금은 과하단 생각도 동시에 들게 함. 이후에 나올 무겁고 심각한 이야기를 어떻게 다룰 지 
24	명존세 가자.
25	하늘에 계신 우리 아버지 그들을 위해 눈을 새로이 뜨고 두 손을 모아 박수를 쳐 꿍짝짝 짝짝쿵
26	한국 영화가 2편까지 잘한 것만 해도 훌륭. 3편까지 기대한 내가 바보.
27	2시간이 넘는 러닝타임에도 끝까지 시청할 수 있는 몰입감이 있었고 성공한 사람들이 말하는 그냥 하면 된다 라는 교훈을 다시 한 번 상기시켜줬다. 똑똑하다고 생각했던 것들이 세상 멍청하게 보인다
28	투박하나 강하다. 이 두 형용사가 여성의 서사 앞에 붙기까지 얼마나 오랜 시간이 걸렸는가?
29	열심히 보고있는데 누가 갑자기 끈 느낌 휴!
30	볼드모트가 안나와서 좋았다
31	재미있게 봤지만 미국의 상류층 가족의 전형적인 가족 중심의 성공기라는 점에서 전혀 원더하지가 않달까?
32	어떻게 레드 제플린과 AC/DC를 헷갈릴 수 있지? 실망이야 스파이더맨.
33	충분히 내세울 만한 첫 블럭버스터 급 한국 전쟁 영화.
34	볼때마다 감동적이다
35	한계, 체념, 익숙함으로부터 탈출하기. 쇼생크는 먼 곳에 있지 않다.
36	이 영화를 3D로 봤어야 했다.
37	다음은 맹수를 잡는 사냥꾼이 되기를 바랍니다..
38	대놓고 키치함 만화에서나 일어날 골 때리는 사건들 그럼에도 캐릭터들이 현실감있고 입체적으로 다가온건 감정이나 서사를 설명하지 않는 대사 때문. 허니버니와 펌킨이 등장하는 오프닝이 가장 키치하고 좋다.
39	천하무적 주인공 패밀리 연출 선넘네...
40	영화를 보지 않은 사람도 음악을 들으면 느끼는 그것.
41	영화는 러닝타임이 너무 길어서 호흡을 따라가기 힘들었지만 영화를 사랑하는 감독의 열정과연출이 빛나 보여서 좋았다
42	전두환 미친놈아..
43	기댈곳 없던 고독한 킬러, 뿌리를 내리다
44	진부한 정치 영화지만 대중을 위해 구성했다
45	전편의 아쉬움을 여러 마크 버전으로 팬들을 달래주는 감독
46	"정말 너의 아빠를 죽이지 않았어. 하지만 어떻게 그걸 증명할 수 있을까?" 인터넷 커뮤니티에서 소위 '대법관 놀이'를 할 수 있는 글들은 언제나 댓글이 만선을 이룬다. 사람들은 진짜인지 가짜인지도 모를 글을 보며 누가 어디서 얼마나 더 잘못했는지를 요목조목 따진다. 우리가 보는 '증거'들은 그 사람의, 사건의, 삶의 아주 일부분들이고 결코 전체와 진실을 담보할 수 없다. 그렇기에 당사자가 
47	내 상상력이 죽어도 못따라간다.
48	이런줄은 몰랐다는 사람들을 위한 입문서... 더하면 더하겠지 요즘같은 시국에
49	조커와 배트맨의 탄생 . 아서가 조커가 되기까지의 흐름이 길어서 조커의 탄생 부분이 좀 짧다는 생각이 들었다. 짧아서 더 보고 싶은 것일 수도!
50	언제나 그렇듯 언제 봤는지 가물한 2회차. 그러나 역시 보고나니 왜 5별점을 주었는지 논할 필요가 없는 아픈 실화의 명작. - 220807 (39), 서울 중구
51	같은 시기 개봉한 군함도와 비교할 수 밖에 없다. 군함도보다 재밌고, 군함도보다 연기가 좋고, 군함도보다 설득력있는 연출이니 당연히 손이 갈 수 밖에. 내게 있어서 518 광주 민주화 운동은 광주 시민의 입장 또는 그 당시 그 고통을 함께 나눴던 당사자의 입장에서 볼 수 밖에 없었다. 그런 내게 제 2의 주체(외국인과 정치냉소자 서울 소시민)의 시선으로 접근했다는 점이 인상적인 부분.
52	신파와 마지막 부분만 아니었다면 더 좋았을텐데
53	내러티브를 배제함으로서 영화자체의 완성도는 아리송하나 장장 영화 절반의 전투신과 최민식의 고뇌하는 이순신장군은 판옥선의 충파처럼 우직하다
54	한국식 눈물자국 영화, 연기는 감히 평가할 수 없음
55	비극을 스포일러 당하고 보니 첫장면부터 마지막까지 분노감이 사라지지 않는다. 그래서 영화적 감상을 할 수가 없고, 현실에 분노할 수밖에 없다.
56	이하늬를 너무 좋아해서 봤다. 영화관에서 사람들이 깔깔 거리는데 이해가 안됐다. ‘도대체 어떤 감독이 이런 고삐리 남학생들을 위한 영화를 만들었을까,,’하는 생각을 계속했는데 영화 끝나고 이 감독이 스물 감독이라는 것을 알았다...허허
57	웡이 반갑긴 한데 중국 자본이 너무 들어간 듯 ᅲ
58	오션스일레븐 한글패치버젼
59	별 5개가모자라 콜린퍼스최고ᅲᅲ
60	공조1이랑 차이가 없다. 그래도 웃을 날도 별로 없는데 조금은 웃겨줬다.
61	짱짱맨 아이언맨
62	아. 뭐랄까.... 이지은의 연기는 뭔가 물위에 뜬 기름처럼 인물로 잘 섞이지 못한 느낌이 들었다. 그녀가 연기한 거의 모든 필모에서 느껴지는 그 요상한 아쉬움이 이번에도 느껴졌다. 잔잔한 이야기 인데. 꼭 과장되게 표현해야 했나 싶다. 등장인물들의 개성을 과장하니 이야기도 현실감 없이 겉돌았다. 보기 전=== 이지은 연기가 궁금하다. 좋은 배우로 성장하길 바라지만 늘 아쉬움을 삼켜 왔는데
63	편집의 아쉬움. 굳이 런닝타임을 그리 길게 잡은 이유가 무엇인지 모르겠다. 첫 대사를 시작하는 순간부터 느낀 정우성 연기의 답답함.
64	스트레인지가 찢어발긴 멀티버스를 거미줄로 단단히 묶어버린 그웬과 마일스.
65	그분들이 뒤집었던 세상과 우리가 뒤집은 세상은 어떻게 다를까 생각해보면 30년이란 세월을 뛰어넘기란 아직 한참 부족하다는 걸 깨달았다.
66	볼 때는 아무 생각 없이 보다가 끝나고 나면 감탄만 나온다
67	그냥 이씨가 연기를 잘한다...? 루즈함
68	세상 모든 별종들을 위하여 우리에게 필요한 것은 강인한 마음
69	오버 앤 오버 앤 오버 어게인.. 경찰대생들이 볼까 두렵다.
70	조금 더 나빠도 되지 않았을까 / 성수 메가박스
71	인피니티워가 얼마나 잘 만든 영화인지 보여주는 속편 그럼에도 불구하고 이 이상의 결말을 만들어낼 수 있었을까 싶다
72	솔직히 4점짜리인데 정우성 취향아니라 .5점 깎음
73	웃기려고 만든 영화가 안웃길때... 고통스러워
74	그의 로맨틱한 과거와 영화캐릭터 연기를 완전히 분리시키고 몰입하면 맘편히 볼 수있다. 연기는 무죄.
75	메두사선배님 짱
76	인생은 멀리서 보면 희극, 가까이서 보면 비극 어느쪽이건 연극이 아닌 적은 없었다
77	우병우만 생각하게하는영화
78	이병헌과 백윤식
79	마지막에 원류환이 통장잔고를 확인하는 장면이 눈물을 쏙 들어가게 만들었지만, 부녀자 입장에서는 망상하기 매우 좋은 영화였다.
80	2탄 못뜬다에 내손모가지 건다ᄏ
81	자파역 더 싸나운 배우였음했지만 전체적으로 매우 꿀잼 🧞‍♂️🧞‍♂️🧞‍♂️ 댄스미쳤냐곸ᄏᄏᄏᄏᄏᄏᄏ - 19.06.14 4D 2차관람 바람쐬줄때마다 넘 시원했고 양탄자는 생각보다 스릴이 덜했던ᄏᄏ 그래도 두번봐도 안졸리고 재밌다!
82	‘기능적으로 영화 찍기’의 거장이 이제는 감정까지 건드리네
83	액션영화의 state-of-art
84	오펜하이머 그는 사람들을 구한 구원자인가 자신의 손으로 인간을 학살한 살인자인가 대의를 위해 한 행동으로 영웅이 되었지만 그에게는 과연 업적일까 족쇄일까 과학자이기 전에 하나의 인간으로서 느껴지는 고뇌와 갈등이 잘 느껴지던 작품
85	부산 배경인건 재미있었고..
86	난 퀸 팬이다. 무슨 말이 필요있겠나.
87	문단속좀잘해라 문단속을똑바로안해서내가울잖아
88	캐릭터들만으로도 4점은 주고 싶은 영화
89	개봉하는 날에 뛰어가 아침 영화를 봤고 전날부터 설레서 잠이 오질 않았다. 전기를 다룬 영화라는 점에서는 다른 어떤 영화가 더 나을 수는 있겠으나, 항상 크리스토퍼 놀란의 표현력에 놀란다. 머릿속에 그려봤으나 실제로 그려지지 않던 것들, 마음속에 느껴지는 복잡한 감정들을 어떻게 표현할 것인가 하는 점에서 놀란은 어떤 경지에 이른 사람 같다. 초반 오펜하이머의 물리학 계산과 아이디어, 내적 갈
90	'영원히...' - 용두사미 한 사발에 유종의 미 한 큰술
91	아름답고 감동적인 라이프 서클
92	재미있나? 재미없나? 재미없진 않은데...재미있지도 않은...그래서 그 빨간애는 어떻게 왜 생긴거야...? 그래서 에디와 베놈은 사귀는거야...? 그래서 찐빌런들이 하고싶은 이야기는 뭐야...? 흠...
93	팔자소관에 대한 픽셀 단위의 디지탏 튜토리얼
94	뛰어난 흡입력의 맛있는 영화. 과거 정통 공포영화에서 쓰이던 클래식한 연출 뿐만 아니라 70년대를 배경으로 설정했기에 보여줄수 있는 신선한 연출이 섞여 재미난 공포영화를 만들어냈다. 연출의 승리. 화면비를 이용한 스토리 전개는 꽤 신선해서 좋았음. 스토리가 탄탄한 오컬트 영화는 언제나 환영합니다.
95	두 시간 반이 넘어....
96	잘 만든 동화. 함축적이지만 폭발하는 무언가는 없다. 그게 장점이라면 장점.
97	눈부신 현빈의 미모에 다니엘헤니까지 더해져서👍 마지막 쿠키에서의 약속은 너무슬펐다 지켜지지못할것같아서 ᅲ ᅲ
98	영웅들의 약한모습을 보는 재미?! 곳곳에 흩뿌려진 떡밥들을 찾아 먹는 재미가 쏠쏠한 마블 시리즈였다~
99	김아중의 원 히트 원더
100	별점 5점이 적을 정도 호아킨 피닉스가 히스레저를 나는 넘었다고 생각함 특유의 음울함과 광기어린 웃음이 잘 조화된 영화
101	음악이 흥행에 미치는 영향의 좋은 예. 음악만 건진 영화. let it go로 엘사의 캐릭터가 바뀌었다고 하니.. 그래도 그렇지.. 스토리전개가 망붕
102	가오갤 맴버들의 케미로 감동, 재미, 여운까지 남겨준 시리즈의 화룡점정. 올드팝도 듣는 맛까지 선사해준 작품
103	이 영화보면서 박그네 정부가 떠오름
104	아쉽지만, 어쩔 수 없던 마무리.
105	한국 영화의 새로운 시도. 익숙한 풍경에서 펼쳐지는 액션이 신선하다.
106	진부한 클리셰의 범벅. 이런 내러티브는 이제 차고 넘친다.
107	진실된 사람들만 느낄 수 있는
108	잔잔하고 단순한 영화지만 창의적 표현이 깊은 인상과 소소한 재미를 유발한다ᄒᄒ
109	감정이입쩌네,,,,ᅲᅲᅲᅲ흑흑ᅲᅲᅲᅲᅲᅲ 후반부에선 그냥 죽어버렸으면 더 좋았을거란 생각도 했지만 그런 유치한 해피엔딩도 이쁘게 재치있게 푸니까 나쁘지않았어요 디즈니는 낡은 마음에도 어린 울림을 주는 정말 멋진곳이야!
110	기억나는 건 류현경의 명대사 뿐 ...
111	크... 그 관객과 관객 목소리로 가득 찬 공연장... 보는 내가 벅찬다.. 내가 가수면 더 짜릿하겠지..! 라미 말렉 정말 연기잘한다 그리고 실제 인물보다 좀더 우수에 찬 느낌의 페이스다. 브루노마스를 더 닮음 벤 하디 예쁘장 ᄒ.. 클로이모레츠닮았다 그리고 톰 홀랜더 목소리 하나는 진짜 ..bb
112	유아인이 연기하는 캐릭터 조태오에 대한 미움 에너지를 모아 별점으로 승화시킨게 분명하다
113	판타지가 섞인 성룡의 영화들을 보는거 같았다 걸레 몇번 짜면 강해지곤 했지 터미널cgv alone
114	1. 개인적으로 문을 닫을 때 주문을 읊을 때마다 오글거린다는 느낌이 들었는데 생각해보니 너무 주술 주문같은 걸 매번 똑같이 읊어대니 그리 느껴지지 않았나 싶다. 차라리 문을 닫을 때 그 지역의 잊혀진 사람들의 모습들이 겹쳐지면서 그들을 기리는 기도문을 각각 다르게 읊으면서 문을 닫았으면 문을 닫는 장면이 더 극적으로 보이고 몰입이 잘 되지 않았을까하는 아쉬움이 남는다. 2. 아무리 다이진이
115	이제 이런 영화로 삶에 희망을 얻을 수 없다는 걸 절실히 느껴 버린 ••• 허무맹랑한 어른이 되어 버렸음.
116	배우들의 연기력에 홀린다
117	안 영화같은 인생 키스신이없는 영화같은 인생
118	사랑해요 동원참치
119	영화관에서 보고 군대에서 또보고 다 울었다...필승..
120	가도가도 너무 멀리갔어... 컴버비치의 재능을 쓸데없는데 썼어... 레이첼 맥아담스는 이제 너무 늙었어... 딴거 해.
121	마술적 스토리텔링 혹은 플롯장난질
122	thᅡ무엘 아저씨 수고했어요..GIVE IT UP
123	가장 중요한 것은 내가 진정 하고 싶은 일을 찾아나가는 것
124	집근처에 IMAX3D를 상영하는 곳이 없어서 아쉬운데로 4DX로 봤는데 만족! 액션마다 흔들어대는건 과했지만? 지루할틈이 없었다
125	수많은 논란에도 불구하고 나온 영화. 우려와 달리 무조건적인 페미니즘이나 피씨는 나오지 않았으나 스토리의 개연성은 크게 떨어지는 편. 보면서 "갑자기?!"라는 생각이 몇번이나 들었다. 굳이 꼭 챙겨보지 않아도 되는 마블 영화일듯
126	이런거참재미업어
127	오랜만에 만난 친구들과 옛날이야기 하며 논거같다.
128	앰버에게서 느낀 찐한 K장녀 성장기 . 혼자 전전긍긍 참고 해결하려는 효녀 앰버 사실 내 생각만이 답이 아니란걸 나와 다른 성격의 타인을 통해 느낄 때가 많다 부정하고 싶고 용기내기 어렵지만 그래도 시도해보면 멋진 세상이 펼쳐질거라구!
129	반드시 기뻐야하만 할 이유도...꼭 슬퍼야만 하는 일도 없다. 시간이 흐르고 희노애락이 섞이다보면 인생이 된다.
130	오락영화?
131	유쾌하게 꿈꾸는 영화
132	오랜 내 의문을 영화로 멋지게 풀어준 영화이다. 축구 선수는 축구는 내 인생이다 말하고 음악하는 사람들은 음악이 내 전부다 라고 말하지만 그렇다면 그 사람들이 축구, 음악을 못하게 되면 인생이 무가치 해지는 것인가? 그런 명언들은 듣기엔 멋있어 보이지만 목적 없는 삶은 무의미 하다고 말한다. 뚜렷한 목적 없이 살아가는 사람들에게 잔인한 말으로 들린다. 맛있는 것을 먹고, 좋은 영화를 보는 소
133	2001 스페이스 오딧세이에 비하자면 몇년을 퇴보한건지 헤아리기도 어렵지만 그런 비교는 차치하더라도 감정과 뽀록에 기대려고 몇년을 청강했다는 자랑은 너무 낯부끄러운거 아닌가. 그나저나 놀란은 어디 간 거.
134	연기 빼면 아무것도 없는 영화.. 참신한 소재를 잘 못 활용한 케이스 중 하나.
135	히어로물은 취향이 아니지만 이건 안좋아 할 수가 없다
136	두고두고 기억하게될 명장면,명대사들의 향연
137	빌런의 중요성을 떠올리게 해주는 영화. 전형적인 미국 가족영화에 히어로물 소스를 부어서 먹을만 했지만 맛은 없었다
138	인셉션 안 본 뇌 산다는 댓글이 공감됨
139	시류에 맞춰 계몽영화로 변신해 태평양을 건너온 포레스트검프.
140	역사극과 오락영화 사이에서 갈팡질팡 갈길을 잃는다.
141	영화가 시작될 때 어떤 장면도 없이 소리만 나오는데 그게 너무 기괴했음 화면 전환이 되면서 가족들의 일상과 새소리 같은 평화로운 소리가 나오는데 이전의 소리와 대비되는 모습이 너무 인상적이였음 나치 시절의 영화는 유대인을 도와주는 위인 혹은 전쟁에 참여한 군인들에 대한 영화만 봤었는데 그게 아닌 가해자의 입장으로 본 그 시절의 군인 가정에 대한 모습이 참 역겹다는 생각이 들었음 화면 상으로는
142	재밌게 봤다. 중간에 몇 번 비슷한 스토리가 반복되는 게 지루할 수도 있는데 작화가 너무 좋아서 몰입해서 보게 됨 너의 이름은, 날씨의 아이와는 다르게 OST가 많이 이용되지 않은 것 같아 아쉽다. OST가 나올 때의 그 전율을 참 좋아하는데... 마지막 부분의 희망찬 메세지가 참 좋았다. 감독님이 일본인들 모두에게 전하는 메세지로 느껴졌다
143	곧 개봉하는 앤트맨이 큰 역할을 할 것 같다
144	전반에 속도감 있게 만들어낸 캐릭터들이 듬성한 후반부를 메운다. 해영선배 홧팅~!!!
145	제목 그대로 난장판
146	순수한 마음은 가끔 의도치않게 다른 이의 폐부를 깊숙이 찌르고 생채기를 낸다. 누군가에게 괴물로 보인 사람들은 사실 그 누구도 괴물이 아니지만, 그 사실을 아는 사람은 아무도 없다는 비극.
147	박물관이라는 소재로 보여줄 수 있는 상상력과 코믹함. 어릴 적 본 영화는 좋은 기억만 있다. 어쩔 수 없나.
148	스스로 영화가 아닌 CG쇼라고 선언 난생 처음으로 영화관에서 졸았다. 자지 않으려 노력해도 잠이 솔솔 왔다
149	그 장대한 서막.
150	흐규규.. 이런 상황에 처하면 어쩌죠,,
151	소재랑 감정, 관 수 밀어붙이기로 돈 벌려는게 너무 보이는 영화.
152	오펜하이머는 담배를 못끊겠다
153	모두를 설레게 하고 즐겁게 했던 박물관 투어
154	인상적인 몇 장면을 위해 희생된 전체
155	놀란의 머릿속을 맴돌던 생각. 을 풀어내려고 시도한 흔적. 을 겹겹이 쌓아올린 영화. 소설 빠삐용이 떠오르는 쿠퍼 스테이션.
156	무엇보다 시작 과 끝 은 너무 좋았다
157	디테일이 이리도 중요하구나
158	무난한 한국 오락 영화입니다.
159	놀란 참 놀랍다
160	절제된 건조한 마무리가 아쉽다
161	사회적 부합리함을 타파하고자 하는 숭고함을 위한 작품이라 하더라도 인물들은 양극단으로 밀어붙여 관객의 입에 쑤셔 넣으니 소화 시키기가 너무나 힘들다.
162	흔하지 않은 우정의 처음과 끝 모두 아름다웠다
163	더 잘 할 수 있었을 것 같지만...알 게 뭐냐 Show must go on~ 근데 영화관에서 따라 부르는 건 대체 왜 그러는 거냐? 따라부를 수 있으면 내가 제일 잘 부를 수 있어 미친아
164	쿠키가 인상적 내년이 기대되는군!!!!!!!!!!!!!! 끼야야야야야얏
165	마지막 장면은 눈물이 안 나올수가 없었다..아들에게 삶을 선물해준 위대한 아버지 귀도
166	좁은 기차 객실안에서 볼 수 있는 사회의 축소판
167	아우 진짜 저 연기 괴물들
168	사람들은 재밋다고 하는데 나는 글세...특출난건 호아킨 피닉스의 연기뿐...이건 dc 의 조커가 아니라 호아킨 피닉스의 조커였을 뿐이다
169	이런 멍청한 재벌이 어딨어...
170	웃어야하나 말아야하나
171	내가 애니에 2점을 주네 ᄏᄏ 1편도 솔직히 스토리랑 그 깊이가 너무 얕았는데 2편은 심각하네. 겨울왕국 네임 때문에 사람들이 평점을 더 높게 준거지 안 그랬으면 완전 B급 만화에 평은 바닥을 쳤을거다 ᅳᅳ
172	요기가 시네필이 다 모여있다는 집결지 장소인가요? 아 맞군요. 제대로 찾아왔네요. 저는 시네필은 아니지만... 맨 끝자리 구석에 조용히 앉아있겠습니다. 각자 자기소개와 소감들 잘 읽었습니다.
173	'신세계'의 조합은 역시나
174	(웹툰을 안봤다면) 캐릭터를 정말 잘 극화한 수작 스릴러
175	자유는 인간을 500야드의 하수구를 기어가게 만들고 희망은 인간을 20년동안 땅굴을 파게 만든다
176	고풍스럽게 퍼덕거리는 은빛 서스펜스
177	슬프지만 이젠 보내줘야 할때... 지구 지켜줘서 고마워요...
178	이 썩은 사회는 과연 나아지고 있을까?
179	영화보고 나왔을때 '영화가 지금까지의 어느 스파이디 영화보다 너무 밝고 건강해서 거기서 유일하게 어두운 것이 톰 홀랜드를 향한 나의 더러운 흑심 뿐이었다'는 리뷰가ᄏᄏᄏᄏ 너무나 이해돼서 미쳐부럿음 그리고 두번째 쿠키ᄏᄏᄏᄏᄏ웃음지뢰ᄏᄏᄏᄏᄏᄏᄏᄏᄏᄏ
180	맥거핀! 그리고 젊은 톰크루즈
181	어디 한번 두고 보겠다 처음부터 작정하고 보거나 N차 관람 하거나 아니다, 관람 후 조금 곱씹어 보기만 해도 크고 작은 구멍이 있긴 하다 그럼에도 별 3개 그리고 응원 별 1개 추가 나중에 딴소리할지언정 🫥 일단 '첫인상'으로만 판단하기로 간만에 볼만했다 🫠
182	불편한 자극이 현실의 자각이라도 되는 것 마냥 위세하기는.
183	일제강점기 당시 독립운동가들의 숨막히는 일상을 가장 사실적으로 표현한 영화라고 생각된다
184	스크린으로 멋지게 옮기다
185	1분 1초도 놓치지 않았던 평생 가장 강렬하면서도 극단적인 감정적 체험. [1회차: Blu-Ray]
186	박보영이 돌 던질 때 나도 같이 돌을 던졌다 눈물 나올뻔
187	광대 이병헌 왕이병헌연기는 가히 소름이었다
188	지루한데 집중하느라 기가 다 빠진다 ;; 내가 이걸 왜 보고 있어야하는지 단 한 부분도 납득하지 못함. 보는 내내 상영관 밖으로 나가고 싶은 영화는 처음.
189	핵 연쇄 반응에서, 플롯과 인물간의 다층적인 연쇄 작용으로.
190	사랑이 넘치네<3
191	생존 자체가 목적인 동물의 세계에 인간사가 보이네요 서열은 바뀔 수는 있지만 국한되어 있고 권력욕이 모두를 죽이는 줄도 모르고 어리석은 행동을 하는 무리들도 있고 대부분의 무리들은 생태계의 법칙에 순응하며 살고 언젠가는 다 내려놓고 생의 고리를 따라가야지요 영원한건 없잖아요 기술력은 완전 인정 BUT 현재의 것으로는 채워지지 않는 옛날의 그무엇이 점점 아쉬워질 것 같은 느낌 어른이가 된 우리
192	배우 강동원은 의외로 장르를 가리지 않는 대범함이 있다. 그리고 그것을 꽤나 잘 살린다.
193	내용은 코믹스랑 가장 비슷하던디 왜 흥행은...
194	나만 별로였던 게 아니었구나
195	첫 20분만으로도 아이맥스로 봐야될 이유는 충분하다.
196	라이온 킹은 나랑 동갑이다. - 아빠의 말을 빌리면 나랑 여동생은 라이온 킹 비디오가 늘어질 때까지 영화를 봤다고 한다. 기분이 안 좋아도 이 비디오만 틀면 그렇게 좋아했단다ᄒᄒ 알 수 없는 '아~~스벤야~~~왈왈이~~~치와와~~' 하는 오프닝을 쉴 새 없이 따라 부르면서... 그러다 스카나 쉔지와 같이 무서운 장면이 나오면 냅다 방으로 뛰어가 눈을 가리고 "끝났어?"라고 묻곤 했었다. 그래
197	ᄂ잼 꼰대파티 ᄌᄂ잼
198	좀 과하게 진지한것 보단 가끔을 웃을 때도 필요하다
199	저 섬에서 춤추고 노래하며 영원히 살고싶다
200	가장 좋아하는 내 배우에게도 혹여나 매너리즘이 온건가... 싶어 아쉬웠다.
201	콜린퍼스 1점+줄리안 무어 1점. 빅픽쳐를 위한 징검다리인건지, 그냥 맛탱이가 간건지...
202	현재를 즐기는 과거를 슬퍼하는 미래를 기대하는 시간을 사랑하는 법
203	근육 근육 근근육근육
204	오션스일레븐 허술한 짝퉁
205	조인성씨 발성 좀..
206	프랜차이즈 때문에 모았던 엑스맨 프랜차이즈 덕분에 모인 어벤져스 10년의 불확실한 큰 그림이 세상에 마상에
207	재난영화의 최고
208	결말로 딴지걸지말자 충분히 재밌다
209	짜릿하지만 여운이 남지 않는다.
210	액션 영화가 보여줄 수 있는 연출의 끝을 보여줬다. 물론 스토리는 이제 기대 안했으니 넘어가자
211	판도라 속에서 살고 싶을 정도로 끝내주는 영상미만큼은 인정.
212	추억을 되살려낸 감동, 그 외엔 딱히. 앞으로 마블 영화는 삼가기로.
213	좋은 드라마지만 아픈 역사를 위로받은 느낌이 덜해 못내 아쉽다.
214	뇌 빼고 보면 그럭저럭
215	덜 떨어졌지만 착한 친구 베놈
216	최두일과 여검사님!!! 요상하게 조인성의 나레이션이 별로였다
217	남편의 죽음과, 부부의 관계 이 두가지 추락을 낱낱이 해부하는 이 영화의 제목은 그야말로 영화를 관통한다.
218	인생애니 등극
219	캐리비안의 해적 짝퉁이라는 말 때문에 기대안했는데 꿀잼 ᄏᄏ
220	그낭 팝콘 무비가 되어버렸네...
221	어렸을 땐 진심 재밌었는데... 별 말 없이 같이 봐준 친구한테 고맙고 미안했다 ᄏᄏᄏ ᅲᅲ
222	1도 웃기지 않는 코미디.
223	이 소름 어떻하지? 뭐 이런 미친영화가 있나....국내외 통틀어서 올핸 곡성 뛰어넘는 영화는 못나온다.
224	...이 영화는 무엇을 우리에게 말해주고 싶었던걸까
225	그럼에도 내게 늘 불씨가 되는 픽사의 영화 어쩌면, 결국엔, 물복이 이기나 봐? 그치 믕아
226	굿! 개인적으로 매우 좋아함. 탐 크루즈의 연기가 항상 최고는 아니지만 언제나 저평가되고 있음.
227	롤랜드 에머리히가 영화감독으로서 보여줄 수 있는 최대치.
228	말, 그것이 가지는 가치와 책임에 대한 깨달음. 어떤이는 치열하게 땀을 흘리고, 어떤이는 반성하며 눈물을 쏟았다. 그 모든 과정을 통해 나는 민주주의의 희망을 보았다. 유죄인지 무죄인지는 더 이상 중요한 것이 아니었다.
229	오퍼레이션 리암니슨 섭외
230	와칸다라는 세계관을 넓히기 위한 영화. 생각보다 마블 특유의 유머는 없고 진중했다. 굉장히 생소한 문화가 신선하게 다가왔고 흑인 배우 위주인 게 좋았음.
231	스즈메 너 요즘 종종 한국에도 오더라?
232	선남선녀가 호연하는 즐거운 오락영화
233	이 영화는 아는 사람은 알겠지만 "열쇠 도둑의 방법"이란 일본영화를 리메이크한 작품이다. 그래서 이 영화를 보기 전 원작을 봤다. 역시 원작은 전형적인 일본영화답게... 흥미로운 소재로 시작하지만 짜지도 달지도 않게 슴슴하게 진행하다 끝나는지도 모르게 끝맺는다. 다행히 럭키는 국내정서에 맞게 나름 잘 각색되었다. 하지만 이 영화가 이 정도까지 나올 수 있었던 것은 각색때문이 아니라 유해진이 
234	세상에는 끝까지 척하는 사람들이 있는 한편 척하다 진심이 되어버리는 사람들이 있다
235	두렵도록 잘 쓰인 이야기다. 여성을 바라보는 감독의 시야가 지나치게 좁았다 그의 필모에 등장하는 시골의 어린 여자들은 대부분 성적으로 은밀한 사연이 있었다
236	찐따 베놈만 아니었어도..
237	다크 나이트와 함께 히어로 무비의 새 시대를 연 영화.
238	애니메이션영화를 좋아하게된 이유
239	앞으로 갔다가 뒤로 갔다가 잠시 끊었다가 다시 돌려봤다가, 테넷을 테넷처럼 봄.
240	흑의 세상 속에서 내면의 백을 숨기지 못한 그의 거룩한 삶을 흑백영화로.. 엔딩씬에서 그저 울었습니다 가슴이 아픈 눈물이 무엇인지 쉰들러님의 오열을 보고 같이 울면서 다시 한 번 느낄 수 있었네요.. 비록 전해지지 못할 지라도 쉰들러님과 스필버그 감독님께 깊은 존경과 감사를 전하고 유대인분들껜 과거의 위로와 미래의 축복을 전합니다..
241	말빨로집중도100%
242	귀엽고 재밌다 가볍게 보기 좋은 영화 그 안에서 눈물 흘릴때는 또 흘렸고 웃을때는 웃었다 노래도 좋았고 차태현-박보영-왕석현 케미가 좋았다 스토리적으로도 탄탄했고! 딱 이때 감성도 좋고 중간중간 좋아하는 장면들도 꽤 있는 영화 ᄒᄒ
243	북풍, 총풍, 대북 공작을 배경으로 한 <로미오와 줄리엣>.
244	장화신은 고양이는 완벽한 선택이였다.
245	기술과 정통이 절묘한 조화를 이루기를 "희망"하는 시선.
246	누구님과 오버랩 했으면 좋겠네. 참. 딱 배우 손예진의 역할이었던듯!
247	나약한 꿈에서 깨어나 현실을 지키는 강한 책임감
248	존윅시리즈 마무리형으로 좀 아쉽다
249	첫번째 쿠키영상 땜에 반개 정도 더 줌ᄏᄏᄏ 이런 맛에 프랜차이즈 시리즈물 보는 것 아닙니까?
250	나 또 자버렸어 엉엉 이렇게 법정 장면 위주일지 몰랐다 다시 제대로 보고 싶다......
251	여름밤 에어컨보다 시원한 가슴 철렁임 . 한 문장으로 표현한다면 '이야기는 단순하고, 액션은 쫄깃'하다. 초반부를 제외하고는 단 한 순간도 지루함이 없기 때문에 팬이라면 과거 에이리언의 오마주에 두 팔 벌려 반길 것이고, 처음 접하는 관객이라면 여름밤에 어울리는 공포 영화가 될 것이다. 이처럼 <에일리언: 로물루스>는 두 마리 토끼를 다 잡은 셈이다. 알면서도 긴장하게 만드는 추격씬에 가까스
252	뇌빼고보기는좋은듯 재밋긴하당
253	에... 뭐... 무난합디다...! 소름 돋을 정도의 CG가 놀랍긴 하드라...
254	내가 사랑했던 그 시간을 사랑하기 위해 이별을 시작했다.
255	영화 다 보자마자 "중구난방"이라는 말이 계시처럼 머릿속에 떠오름
256	수많은 사람들의 예상을 뛰어넘거나 완전히 깨뜨리고 또 다시 한번 더 도약을 노린다 그리고 마블과 DC 사이엔 넘을 수 없는 4차원의 벽이 생기고..
257	해피엔딩이지만 아쉬운 결말
258	1. 원일병 헝엉엉 2. 혜원맥 머리내림
259	후반부에서 두 번이나 잠들어서 세 번 째가 되어서야 끝까지 볼 수 있었다. 슬픔은 결코 나쁜 것만은 아니라는걸.. 하지만 빙봉 ᅮᅲ
260	정석이형!! ᅲᅲ
261	처음부터 주토피아에 입성할 때 황홀함을 느꼈다
262	히스레저의 다시볼수없는 싸이코연기
263	나 1년 기다리는거 너무 힘들었어
264	눈이 즐거운 오락영화 that's it~
265	모든장면이 명장면
266	결혼하고 싶어질 때마다 봐야겠다
267	드라마와 메시지로 승부한다.. 오락요소를 찾는 사람에게 재미없을듯...
268	허공으로 날아간 화살이 얼마나 떳떳하랴 조선시대 왕들이 왜 단명했는지 가장 장수한 왕의 스토리로 알 수 있었던 아이러니.
269	극장에선 예진씨의 처연한 눈망울과 가녀린 얼굴을 클로즈업할 때마다 펑펑 울었으나, 나오고 보니 허무함. 내용은 왕실 역사 미화로 흐를 수 있어서 조금 위험한 것 같고 조연들의 연기나 인물과 상황 설정이 작위적으로 느껴지기도 해서 여러모로 아쉬움이 많았다..
270	기술의 격차를 뒤집고, 한계를 돌파하며 매버릭이 증명해낸 것은 바로 전투기보다 중요한 파일럿. 즉, 인류라는 존재의 가치였다. 물론, 전작의 장점들을 놓치지 않고, 헌정했기에 이런 걸 떠나서도 재밌다.
271	강가에 흩날리는 자식을 부여잡는 부모의 오열과 피흘리며 쓰러지는 동료의 바랜 사진 한장이 모든것을 이야기해준다...우리는 함께 나아갔으며 이루었으며 지금도 벚겨진 운동화 한짝에 아픔을 담아 고쳐신고 그 길을 걸어가고 있다고...
272	해리슨포드가 좀 늙긴했지만 그래도 인디아나는 인디아나다. 자식까지 더해 한층 젊은 느낌도 준다.
273	우리 모두는 그때의 그들에게 빚이 있다 그리고 그 빚은 이미 표로 충분히 갚았다
274	sf영화를 이렇게 재미없게 만들기도 힘들거같아요 그런의미에서 감독존경
275	1편이 에단헌트의 시작이었다면 5편은 새로운 IMF의 시작
276	???: 언니! 재미없지!
277	명작. 재개봉해줘서 감사합니다.
278	진정한 인생 영화의 표본.
279	찝찝하다 진실의 속성이 그러한 것처럼
280	1차2차 연평해전의 영웅들은 절대로 잊어서는 안된다 그리고 이영화를 만드신 모든 분들도 박수받아야 마땅하다 하지만 아쉬움이 많이 남는건 어쩔수 없는 사실
281	이제 와서 이렇게까지 가슴이 뛰다니
282	소재에 집중하여 내놓는 힘이 좋다
283	한스 짐머? no. 이제 루드빅 고란손의 시대다
284	이번년도 본영화중에서 제일 마음에와닿고 제일 감동적인 영화였다
285	노래말고는 그냥 외모지상주의에서 시작해서 외모지상주의로 끝나는 느낌
286	듄 시리즈를 좋아하는 건 sf보다도 이 모든 것이 폴 도련님의 혁명이기 때문이라서 마지막 십 분이 가장 좋았던 듯 사실 파트 투에서 좋았던 건 전부 페이드 로타였고...
287	나는 왠지 애새끼스파이더맨시리즈중 파프롬홈이 가장 재밌었다..
288	역시 사람은 부유한 부모를 만나야 해. 새미의 아버지가 빌 게이츠 닮았다는 느낌이 들었는데 빌 게이츠 또한 부유한 부모를 뒀었지.
289	복수가 답일까? 이 질문은 제 3자가 하면 안된다 슬픔에 대한 복수를 어떻게 하냐 전체적인 영화 색감과 대사는 강렬했다
290	니가 알아서 나오소서
291	내가 포기하고싶지 않은 환상.
292	지금이 가장 소중한 시간
293	꿈이라면 좋을것 같은 현실을 사는 우리들 모습
294	참 행복하고 따뜻한, 조조로 보기 딱 좋았던 그런 영화
295	좋은 주제의식이기에 더욱 그것을 표현하는 자세는 진실되었어야 하지 않을지 201021
296	전투기 액션이 호쾌하고 36년 전의 그 배우가 여전히 멋짐을 뿜뿜하면서 이렇게나 훌륭한 액션영화를 만들어냈다는 데서 오는 감동.
297	캡틴 아메리카: 시빌워(2016). 오랜만에 이 사진첩 업데이트. 그동안 영화를 전혀 안봤나? 그건 아닐텐데 아마 다운받아서 본 영화가 없는 것 같다. 그러고보니 영화관에서 본 영화를 여기에 평을 남긴 적이 있던가.. 상영중인 작품인 만큼 다른 사진을 쓰기가 힘들다. 할리우드 영화야 때려부수는 맛에 보는 것이니 특별히 평을 쓸게 없는데 요번 주말에 몰아본 것들을 정리하는 차원에서... 윈터솔
298	어른을 위한 성장 만화...
299	무섭기는 하나 15세는 낮고 그렇다고 19가 될수는없고 기대에 충족시키지 못했다.다만 배우들의 연기력은 대단하다고 칭찬하고 싶다.주,조연 외에도 단역들의 연기력이 대단한 영화이다
300	엔딩크레딧 후에 두사람은 다시 불행해진다. 아내는 여전히 자기가 배려없는 걸 정당화하고, 남편은 아내를 빼앗기기 싫은 수컷일 뿐이지 아내랑 함께 할 얘기를 찾지 못한다.
301	세상 깔끔하게 신파극에서 탈출하여, 남북의 느슨한 연대를 꿈꾸다.
302	내가 꿈꿨던, 꿈꾸는, 꿈꿀 영화는 무엇일까. 데미언 셔젤 정말 미쳤어... 당신 땜에 영화를 더욱 열렬히 잘하고 싶어졌잖아.
303	후반에 힘이 좀 빠짐
304	OST를 섞을 것이라면 참고할 것.
305	감독이 사회적, 인생적 경험이 전반적으로 부족한 상태로 제작한 듯. 몰입이 안된다.
306	구원도 원인도 없는 참극 속에서, 무엇을 믿고 의지할 것인가.
307	그냥저냥 평범한 가족 영화네 평범하네 하고 보는데 왜 순수함에 눈물이..😂🥺
308	영화를 보면서 한효주가 어떻게 연기를 시작했을가 고민해보앗다
309	정도를 지키며 깔끔하게 이어나가는 흐릿한듯 선명한 그날의 새로운 이야기.
310	좀 지루한가 싶지만, 마지막 20분의 임팩트가 어머 또 보고 싶어, 소리 나오게 한다. 엔딩의 힘이고, 연기의 힘이며, 그 무엇보다 프레디와 퀸, 그리고 그들 음악의 힘이다.
311	매번놀라게하는 액션 및 스토리
312	전체적으로 지루했다. 호크룩스를 찾기 위한 대장정은 무슨 시작하지마자 끝나고 애들 연애하는 것만 주구창창 보여줘...
313	두 번 보니 이해간다. 새로운 시각의 흥미로움이 전부.
314	사실 이병헌이 진짜 2명인 건 아닐까
315	2편과는 비교가 안 되는 몰입감. 과하지 않은 연출과 스릴이 일품.
316	액션이 무엇인지 제대로 보여준다!
317	저 순간에 내가 박보영이 되고 싶었던 영화
318	보는 내내 긴장을 놓칠수 없었다. 좀비에 대해서 한국식으로 잘 해석한 잘만든 영화라 생각한다.
319	지옥에서 내가 안오니까 여길 불지옥으로 만들어 부렸다
320	알고있지만 모르는 이야기
321	엇.. 내가 왜 이 걸 5점 줬을까 하고 생각해보니.. 함께 본 추억 때문인거 같다.
322	Are you Thor, the God of Hammers?
323	처음 만난 장재현 감독님. 처음 만난 흥미로운 한국형 오컬트 영화.
324	캐릭터가 얼마나 중요한 것인지 알 수 있는 영화. 캐릭터의 매력. 볼 게 그 것 밖에 없는 것인가, 그 것이 독보적으로 뛰어난 것인가.
325	위트와 기발함으로 완등에 성공하다 (feat. 드론 사줘)
326	설정 뭐 그런거 모르고 보면 괜찮은 이야기다. 하지만 설정 그런거 모르는 사람은 이걸 볼 리가 없다.
327	킹스맨 시리즈는 항상 논란의 중심이 되고 있는 화두 하나씩은 꼭 던진다(논리적 설명 자체는 빈약하더라도). 1편은 지구의 입장에서 인류는 병균인가? 2편은 마약류는 왜 술담배와 달리 금지되었는가? 화려한 액션과는 별도로 생각할거리를 줘서 마음에 든다. / 군대에서 본 영화 (044/100)
328	힘들어도 참고, 기회를 기다려 잊지마. 난 네 편이야
329	전체적인 내용과 촬영기법에서 한국과 미국의 경계를 오고가는 기이한 현상과 느낌. 미디어적인 느낌과 향수는 미국스럽지만 내용은 한국이었다. 모두가 좋았지만, 그 사이 중간에 선 역할을 소화해낸 한예리의 연기도 좋았다. (스티븐 연의 한국어 실력이 많이 늘었다는게 체감되었고, 동료들에게도 많은 도움을 받았다고 들었는데 얼마나 많이 연습했을지 느낄 수 있었음ᄏᄏ)
330	불가항을 넘나들며 마침내 닫아낸 문
331	이르케 세련된 액션영화는 첨이양
332	캐릭터 들 이 영화를 지배한다.
333	불꽃놀이 같은 머리 폭발과 함께 내 스트레스도 폭발!
334	투캅스가 사제복을 입었다. 종교적 경건함보다 인간적 의지에 기댄 문제해결과 그 과정에서 드러나는 아웃사이더의 정의가 전형적인 영웅담을 구축한다. 도전적 소재를 강동원으로 무마.
335	뭐야 이정도면 꽤 훌륭한데?! 극장에서 못 본게 아쉽네
336	16.10.25
337	생각을 버리고 그냥 했다 편견이 없이 그냥 했다 뭐든 되어있었고 뭐든 할 수 있었다 인생은 검프처럼
338	생각보다재밌다...ᄒ..ᄒ
339	행복해 보이는게 다인 영화인 것 같다. 인생에 대해 이야기 하려는 건 좋았으나 주인공만 행복한 인생이지 않나. 시간여행으로 행복을 만들어 놓고 이젠 시간여행을 하지 않을 거란 다짐이 의문이었다. 오히려 단순 로맨스 영화였으면 더 좋았을지도...
340	스크린 독점이고 애국심 강요고 다 둘째 치고 일단 지루하고 뻔해
341	어찌할꼬, 부자의 간극은 마치 태산보다 높고 바다보다 깊은데.
342	우리의 기억은 지워지지 않았다
343	사실은 돼지는 괴로워
344	귀여운 히어로가 어색하지 않다니
345	19.11.21.
346	터닝메카드와 현대차 광고인줄 ~
347	살짝 지루하다. 마블이라 의리로 본 느낌이랄까...
348	쥐어짜지않고 담백한 느낌. 그저 보여주기만해도 충분히 분노하고 안타깝고 느낄 수 있다. 아버지의 사랑은 가지런한 신발 한 켤레
349	3점 줄까 4점 줄까 하다가... 한국 영화의 발전을 위해(?) 3점 투척...! 재미는 있는데... 우리나라라고 언제까지고 이런 완성도의 영화로 만족할 수는 없잖아요~~ - 2016. 2. 7. 롯데시네마 부평 3관 16:15
350	화산 폭발 이후 영화도 같이 폭발한 듯..
351	더 이상 자신을 구해줄 히어로가 없는 세상의 히어로가 되어버린 소년의 이야기.
352	감동을 위한 장치에 시간을 너무 허비한 듯하다
353	갈수록 개연성에 힘이 빠져가는게 느껴지지만, 그래도 배우들이 캐리한 영화다. 난 재밌더라 뭐..
354	ost가 너무 좋고 내용도 최고
355	관객 스스로 감정을 동요하게 하는 탁월한 연출과 각본.
356	운명에 대하여, 자유의지에 대하여, 투쟁에 대하여, 방송 윤리에 대하여 고뇌하는 철학적 고찰.
357	스토리 굿 인물들 화남 마지막 무서움
358	딱 예상대로의 영화였고, 류준열 너무 많이 나와서 좀 뵈기 시름... 연기도 비슷비슷 고만고만하고 몸은 좋으니 계속 제복입는 거 나오네.
359	비싼 서프라이즈 그래도 전편보단 낫다
360	역겹다. 그리고 그 역겨움이 더러운 현실을 고발하기 위한 도구라기 보다 더 자극적이기 위한 경쟁을 하는 것 같다. 한 마디로 숭고미가 없다고나 할까..?
361	노인 분장 최악. 민폐분장이 몰입 방해. 더 나쁜 엔딩까지. 이렇게 쥐어짜는 엔딩은 역대급. 사도가 살짝 미화됐지만 괜찮을 수도 있었는데.. 송강호 유아인이 아깝다.
362	역시!!!!라쿤이었어!!!! 2024.2.10.설날에 엄마랑
363	3D 아이맥스로 보세요. 그나저나 스파이더 걱정된다. 이름도 어쩜 챔피언이야?❤️
364	시빌워부터 마블영화 쭉 개노잼 실망 그자체였는데 이건 진짜 재밌다
365	그들도 일반적인 가정이였을까, 평범함에서 나오는 소름돋는 섬뜩함.
366	지브리는 내 스탈 아닌가봐
367	연기는 지렸다. 하지만 난 제대로된 역사를 알지 못해
368	이제는 너무 익숙해진 것 같다고 생각했는데 또 새로운게 나와서 나를 웃겨준다ᅮᅮ 중간중간 오, 벌써? 싶은 부분도 있었지만 (경찰이 시체 찾은거나 그런 세세한 부분?) 범죄도시니까 그러겠거니 하고 넘어갔다! 오히려 스토리 진행 빨라서 좋았음ᅮᅮ 1,2편과 달리 전일만이랑 장이수 안 나온건 좀 아쉬웠지만 이번엔 되려 빌런의 폭이 넓어져서 좋았다! 주성철의 가슴.......ᅮ 리키랑 양호, 히로
369	시작부터 시끄러웠는데 그만큼은 아니네
370	첨예한 침 끝에서 편집증에 사로잡히듯 감각이 곤두선다
371	내 나이 스물 넷. 당시, 지금의 '나'의 또래이거나 보다 어렸던 친구들은 강자 앞에서도 당당한 모습을 잃지 않았다. 현재, 나는 달디단 팝콘과 에어컨 빵빵한 장소의 안락한 영화관 의자에서 심야라는 자유로운 시간에 그들의 모습을 마주하였다.
372	제우스 너무 쉽게 물리침+악역 매력없음+개연성이 부족...
373	확실히 그때그사람들보단 재밌고 역사에 대한 여운이 짙다. 데보라심 연기가 개인적으로 제일 좋았다
374	근미래인가...
375	역사의 날것을 요리하는 솜씨는 단연 일등급 셰프인 스필버그
376	약 2년 전쯤 부터 슬램덩크 극장판이 나올꺼라는 루머가 나돌았고 2년 내내 오늘 만을 기다려왔다... 오프닝 음악이 나오고 그 ‘하이파이브’를 다시 본 순간 깨달았다 난 이 영화를 2년이 아니라 26년을 기다려왔다
377	하지만 주디는 명백한 약자인걸. 위트있게 차별에 대한 문제를 풀어나갔지만 곱씹을수록 불편하다. 본인의 권리를 보장받지 못한채, 다른 이를 차별할까봐 자기검열하는 모습이 위험해 보이기만 했다. 그리고 그 모양은 오늘날의 많은 여성들을 떠오르게 한다.
378	전작의 혹평과 피드백을 잘 반영한 케이스.
379	탁자를 들면 되잖아
380	울어라 울어라 하면서 일부러 슬픈 장면들을 계속 연결시키지만 오히려 그런 점 때문에 눈물은 하나도 안나왔던 영화. 이런식의 한국 신파영화 너무 싫다. 잔잔하게 감동을 줄 수는 없었나......
381	평이한 소재를 가지고 특별한 영화를 만들어내는 장인의 손길
382	케드릭디고리 경기 순간이동 우승컵
383	재판은 하나의 사건 속 수많은 이야기들을 책임 없이, 안온히 음미할 뿐이다. 가히 악식이라 할 수 있겠다. 영화도 또한 그렇다.
384	끝날 때까지 끝난 게 아닌 줄 알고 끝을 보았지만 아직 한참 남았다.
385	자 하나둘셋하면 우는겁니다
386	발전하고 또 발전하다, 마블의 색깔은 유지하며
387	비장한 해전 액션과 최민식의 카리스마로 많은 단점을 수몰시키려 한다.
388	이번 주 극장에서 <인셉션>을 보고 나오면서는, 이 감독의 그 참을 수 없는 보수주의에 치를 떨었다. 꿈/현실의 이분 구조에서 '꿈'은 창의이자 순수, 희망이자 진보다. 반면 현실은 누명의 공간이자 썩어버린 곳, 반드시 개혁되어야 할 공간이다. 주인공 코브의 현실이 아내 살인을 의심받는 도망자의 삶이듯 말이다. 그럼에도 코브는 꿈을 증오하면서 현실로, 그러니까 [원래의 자리로] 돌아가고자 애
389	정말 명작..디비디까지 구입하게 만든 인생영화
390	스토리 연기 연출 감상 음악
391	라이온킹 노래가 나오는 내셔널 지오그래피 채널
392	화려함에도 불구하고, 그 시절 2D 애니메이션이 더 그리워진 영화
393	킹스맨1에 물을 붓고 끓였다. 근데 국물만 싱거워진 모양새이다.
394	마! 살아있네!
395	초중반까지는 민주화운동의 비극을 잘나타내다가 후반으로 갈수록 진부하고 비현실적...차라리 덩케르크와 같이 실제 있던일 그대로를 활용해 긴장감을 유발할순 없었을까
396	해석할 게 많아서 다 보고도 재밌는 영화
397	스릴러 장르에 충실하게 잘만듦
398	금자씨도 오대수만큼 힘든 길을 걸어왔다.
399	더 문 = 오블리비언 소스코드 = 엣지 오브 투모로우 같은 감독의 작품을 대중적으로 만든 영화에 출연한 같은 헐리웃 배우.
400	자연재해가 불러오는 현상과 그 앞에서 속수무책인 인간의 나약함을 부각시키면서 일종의 경고성 메시지를 보여주려는 듯 하다
401	같은 시대에 태어나 우연히 당신을 알게 되었고, 당신의 존재를 슬퍼하면서 깊이 사랑했습니다
402	재밌는데 교육적이기까지 하다
403	감각적 연출 속 꽃피는 그들의 우정
404	마블에 대한 실망만 가득했지만 오랜만에 광명이!
405	지루하지 않고 한번씩 예상을 벗어나는 내용들이 좋았다.
406	아바는 정말 위대한 아티스트
407	1.제목 헌트가 의미하는 바는 무엇인가 2.후반부 두 인물의 심리는 무엇인가 간만에 계속 곱씹게 만드는 한국 여름 개봉작이 나온 듯 하다. 이정재 감독의 불타는 열정이 스크린을 뚫고 전해진다.
408	엠마 왓슨님 아름다우십니다.
409	옅어지는 기억, 흔들리는 시간, 떨어지는 낙엽 #뒤엉키다 #2021 CGV 골든글로브 기획전
410	나쁘지 않았다. 그 시절의 향수를 부르는 소품들의 활용이 좋았고 평면적인 캐릭터들의 모습이 그들의 개성을 부각시키는데 오히려 도움이 됐다. 덕분에 편하게 감상할 수 있었던 작품.
411	4차산업혁명의 수혜자. 이번 영화의 피터 파커
412	중반부까지 미니언즈 귀여운거 보는맛에 좋았는데, 후반부는 좀 별로였다.. 쿵푸팬더냐며;
413	1. 아니 나는....사람들이 꽤 괜찮다길래...하아... 나는 신파만 참으면 볼 만한 줄 알았지.... 한국 특유의 결말 신파씬만 참으면 될 줄 알고.... 그런데 웬걸...뭔 신파를 이렇게 영화 내내 들이부었대... 2. 디즈니 더빙이나 찰리와 초콜릿 공장 같은 영화처럼 말하길래 깜짝놀랐음. 대사의 문제인지 연기가 문제인지 모르겠다만 특히 주지훈.. 아니면 후시녹음으로 인해 생긴 어색함인
414	그냥 좀 뻔한거 같다
415	pros 1. 염통을 쫄깃하게 함 cons 1. 너무 비현실적이라 무섭지도 않음
416	이루 말할 수 없이 압도적인 흡입력과 명료함을 보여준다
417	그냥 귀여워서 보지 재밌어서 보는 건 아님
418	1편이 선녀였구나
419	좋아! 자연스러웠어!
420	군더더기 없는 짜임새와 훌륭한 조연. 전지현은 다시 한번 높게 평가. 꼭 봐야할 영화.
421	배우들 연기 좋고 메시지도 알겠는데, 히로시마 불바다 되는 구경도 안 시켜주면서 굳이 아이맥스에 세 시간 씩이나 필요한 이야기인지는 모르겠다
422	이건 뭐지?
423	가벼운듯,결코 가볍지않다. 디즈니가 화려하고 높은 퀄리티를 넘어 그속에 더 깊은것을 담기 시작했다! 내 인생 최고 애니메이션 그러니까 닉 주디 겨론해..
424	엔드게임의 여운을 끌고 가기엔 지루했다. 하지만 그 이후를 정리할 필요는 있었기에 나온 영화.
425	시종 유쾌한 내타입 히어로~
426	고맙다. 얘들아.
427	집가기 힘들지요??
428	걍 그랬음..
429	기술의 발전을 보여주는 거 말고는 딱히... 처음부터 끝까지 표정 다 똑같쟈나여...
430	상상력에 놀란
431	노래만 들어도 가슴이 웅장해진드아ᅡ..
432	참치의 시대
433	누님 느무느무 므찌자나요
434	이병헌의 눈빛은 진짜 다르다
435	원인이 아닌 결과로 그려지는 폭력 (2024 9 8 2026 4 6)
436	3편이 기대하게 만들었지만 2편은 잘 모르겠다
437	RPG 게임 세이브하면서 보는 느낌이네. 재밌게 봄.
438	이걸 영화로 만들었다는 것에 박수를...
439	감동적이지만, 뻔한 스토리를 뻔하지 않게하는 것이 필요하다
440	역시 마블은 재미 볼거리 뿐만 아니라 생각할거리도 던져준다. "총알이라니.미개하군" 개멋있다! 와칸다 가보고싶다!
441	영화 만드는데 의의를 뒀나보다
442	킬링 타임으로 정말 좋은..
443	보면 볼수록 감탄하게 되는 영화
444	죽고 싶어도 할일을 하자
445	난 어디에 갇혔나
446	너무 뻔하고 신선도는 떨어짐
447	상황이 나쁜거지 나쁜사람은 없더라...
448	여러모로 시의적절한 여성 + 히어로 + 탄생편. 캡틴 마블과 어벤져스 팀의 케미를 얼른 보고싶다
449	뮤지컬과 애니메이션의 만남 다소 신선한 충격이다
450	우리는 어떻게 신발 두 짝을 오롯이 신게 되었는가.
451	눈물도 많이 흘렸지만 중반에 좀 늘어지는 감도있었다
452	가족영화라기엔.. 담걸릴뻔
453	그리고 우리는 영화의 모든 것을 의심하기 시작했다.
454	기차씬은 히치콕이 안부럽다.
455	- 사건의 지평선도 넘는 사랑이란 이름의 특이점. - 본격 천체 이론 물리학 포르노(?) - 뭔지 모르게 2프로 아쉽지만 별 5개 받기는 충분하다
456	19년 11월 23일 01:06
457	호아킨 피닉스의 저세상 텐션. 무기력하게 지긋지긋한 계단을 오르던 아서와 가벼운 발걸음으로 춤을 추며 계단을 내려오는 조커의 대비가 너무나 인상깊다. 계단씬의 조커는 올해 최고의 장면!
458	윌 스미스가 나름 어울렸다
459	송강호의 존재자체가 이야기. 하지만 그것 외에 모든게 아쉽다.
460	황정민 공항등장씬의 충격이란
461	일상이라는 평온함에서 미약하게나마 들려오는 잔잔한 지옥.
462	지겹지도않나
463	이게 진짜 멀티버스다
464	제발 내 앞에 조명등 하나 떨어줘졌으면.
465	가족간의 사랑과 과학이 어울어진 멋진영화
466	"I'll do something forever and meaningful"."This is not a low art"
467	마지막 크래딧의 픽션이라고 강조하는 글귀가 오히려 해학으로 보이는 영화
468	살벌하게 시작해서 브로맨스로 끝이 난다... 김정일을 웃음 포인트로 활용하는 듯;
469	나도 봤다 슬램덩크 . 사실 원작 안 보고 유튜브로 짧막하게 요약본 보고 가서 북산고의 서사가 크게 와닿진 않았지만 그래도 재밌었다 원작 다 봤으면 아마 울면서 나왔을 듯 (아니, 근데 진심 스크린에서 땀 냄새나고 양기 미쳤다 .. 집 들어갈 때 소금 뿌리고 들어가야 할 정도로 양기가 .. 돌았음) 서태웅 스크린에서 보니까 .. 진짜 남다르게 잘생겼더라 .. 울 엄마 고등학교 친구분 별명이 
470	기술력이 좋아져 더 좋은 퀄리티를 낼 순 있어도 내 추억 속의 공룡들이 더 무섭고 박진감 넘쳤다
471	3시간가량 되는 러닝타임이지만 이 깊은 여운은 평생을 같이 할듯 싶다 배우들의 명품연기와 근사한 ost, 전개과정부터 모든 관객을 감동 시키는 결말까지.. 놀란에 또 한번 놀랐다
472	철새가 러시아에서 한번 뜨면 15일 정도를 날아요. 그러다가 잠깐 쉬어서 물도 마시고 밥도 먹고 하는 곳이 여기에요.
473	일렁이는 마음이 눈을 뜰 때
474	처음부터 시작되는 묘한 청각적 기시감이 어느새 시각의 편안함을 앞서는 순간, 이 영화는 체험된다. P.S 부디 주인공이 스스로도 모르는 역겨움을 가지고 살아갔기를, 때로는 스스로도 못이겨 구토했기를.
475	CJ,JK식의 뻔한 영화.
476	어쩐지 서글퍼지는 반지하와 지하 간의 치열한 투쟁판
477	꼭 봐야만하는영화.. 고아인 어린여자아이와 무뚝뚝한 아저씨 둘이 만들어내는 분위기가 말로 표현이 안된다. 액션 역시 너무 만족스러움
478	배 나온 아저씨가 된 탐 크루즈. 지구를 구하자는 건지 작살을 내겠다는 건지 모르겠으나 임무는 완수했음!
479	사랑은 얼어붙은 심장을 녹이기에. 그 누구보다 차갑고, 그 누구보다 뜨거운.
480	1. 현실=영화➡️오프닝의 데칼코마니. 2. 박근혜가 웃을 때 관객들의 탄식.
481	소름끼치는 연출력에 감탄한다. 보면서 자꾸 생각하게 만드는 영화다
482	누구인지는 보이지도 않는다. 그냥 이야기에 빠져들 뿐이다. 헌법외치는 장면으로 압도하는 호랑이 같은 송강호 배우.
483	스토리는 없지만, 이런 영화를 스토리로 보는 건 아니니까. 충분한 눈요깃거리를 제공해 줌.
484	3편의 애매모호함 때문에 큰 기대 안하고 갔다가...... 기대 안한 만큼 건진 것 같다. ᄏᄏ 안타깝게도 새로움이 거의 안비치고 '아마겟돈' 이상의 기독교적 색깔이 영화를 애워쌌다. 기독교를 부정하는 것은 '절대' 아니지만 정말 뜬금없고 영화 전개에 영향도 안미치는 게 맹점. 마지막 날이 다가온다고 여겼던 그땐 그랬지... 아~무튼 감독이 바뀌어서 그런지 전통과 변화가 공존한다는 게 인상적
485	류승완 감독 특유의 빠른 호흡과 리듬은 좋았으나 선과 악의 명확한 대립이 너무 진부하다.
486	티아모 넬리 티아모 티아모 티아모 •••
487	친구가 아닌 가족이 될 때
488	완다는 그렇게 나쁜 엄마였을까
489	1편의 신선함이 그대로면 사람들은 성장하지 않았다고 느낀다.
490	아콰피나때문에 2점
491	영조, 사도, 정조로 이어지는 이야기는 항상 매력적이다. 수많은 욕망들과 수많은 가치관들의 충돌 속에서 살아가야만 하는 숙명을 갖고 태어난 놈들의 잔인한 이야기.
492	윌스미스의 지니역은 응? - 오?!- 왘ᄏᄏ 의 느낌으로 신선하면서도 극의 재미를 살려주었고, 나오미스캇의 자스민을 주인공으로 더욱 부각시킨 이번 영화는 OST와 나오미의 열연이 다 살렸다. 목에 핏 줄 서며 4분가량 불렀던 speechless는 겨울왕국의 렛잇고 급이라 평가해도 과언이 아닌듯 - 아 ... 다 된 디즈니 맛집에 자파뿌리기.. 만 빼고...
493	광해쿤... 뇌절 야메로...
494	애니메이션보다 화려한 CG. 지니의 뛰어난 연기력과 진짜 예쁜 쟈스민. 약간은 아쉬운 알라딘이지만, 그래도 실사판이 이렇게 재밌기는 쉽지 않을 듯
495	뜨끈하고도 시원한 세계의 입문
496	인류가 수 세기에 걸쳐 쌓아온 거대한 기치 중 하나인 자유에 대한 처절한 갈망과 고찰.
497	테트리스?
498	사실 기대도 안했지만 이렇게까지 별로일줄 몰랐다. 러닝타임도 좀 짧은것 같고 CG도 약간 엉성한것 같고 설명도 많이 없어서 메인빌런의 카리스마도 많이 떨어졌고 등급도 15세라 베놈만의 매력도 없어졌다. 그나마 볼거라곤 베놈과 에디의 케미뿐...
499	이동진이는이거억까하더라
500	파랑이가 눈물을 흘릴 때 나도 덩달아 무장해제돼서 울었다. OST가 마지막 1점에 큰 기여함🙌🏻
501	뭘까 기억에 남는게 없다
502	용서는 죽여서하면 되는거지.. 용서가 될진 모르겠는데
503	상처를 안고 나아가는 이들에게 전하는 조용한 위로
504	시간의 연금술로 차원을 달리하는 놀란의 야심 - '닥터 스트레인지' 떠올리는 역주행 스펙터클 장관 영화 <테넷>은 시간의 흐름을 뒤집는 인버전을 통해 현재와 미래를 오가며 세상을 파괴하려는 세력에 맞서 싸우는 이야기를 그려낸 SF 첩보영화입니다. 이 영화엔 <메멘토><인터스텔라><인셉션><덩케르크> 등 내놓는 작품마다 최고의 찬사를 받으며 국내에도 고정팬을 확보하고 있는 크리스토퍼 놀란 감독
505	그래 스케일은쪽수가아니잖아
506	본편을 위한 속편정도...? 마지막 엔딩 크레딧의 영상은 그래도 제목을 이해시키기 좋았다. 개연성 부족에 클리셰 투성이었지만 3편은 기대된다.
507	영화를 보고 이렇게 오래 고민하고 결국 리뷰까지 찾아 읽은 영화는 딱 두 개인데 하나는 곡성, 하나는 기생충 그 이유는, 찝찝해서. 그리고 사람들의 생각이, 해석이 궁금해서. (애초에 찝찝하라고 만든 영화이고, 관객들의 그 의도된 찝찝함을 즐기는 영화라는 생각이 든다.) . 난 영화에 과도한 의미를 부여하는 걸 좋아하지 않는다. 영화는 그저 이야기를 보여줄 뿐, 받아들이는 건 관객의 몫이라 
508	요즘 영화 가격이 15000원이더라.. 그래서 더 화가남. 이 영화는 뭐 색다른게 별로 없다. 평이 왜이렇게 좋은지 이해가 안간다. 역시 영화는 누가 감독을 맡느냐에 따라 큰 차이가 있다. 12년전 개봉한 같은 시리즈물 프로메테우스보다 전체적으로 퀄이 너무 떨어진다. 영상미, 스토리, 설정, 화면화질,인물 등등 영화보고 나와서 이걸 작성하면서 알게됐는데 감독이 맨인더다크 감독. 어쩐지 점프스
509	“우린 늘 그래왔다. 저물어 가는 날에 몸부림치고 꺼져가는 빛에 분노하는 것은 누구나 죽음을 향하는 시간을 두려워하기에. 하지만 우린 늘 답을 찾아왔다. 그 시간을 초월하는 사랑을 했고, 그 시간을 초월하기 위해 역사를 남겼다.” 시간이 흐름과 함께 자연스레 잊혀졌던 우리의 꿈과 희망의 남은 불씨를 다시금 피우는 것은 곧 시간을 저항하려는 우리의 염원과도 같다. 그리고 그 불씨의 시작은 작지
510	히어로무비의 기념비적인 작품. 최고의 악역 조커의 탄생.
511	인생이란 앤디가 파내려간 굴, 빛도 들지 않는 그 막연한 깊이를 손으로 찬찬히 가늠하는 것.
512	인생은 아름답기도 괴롭기도 슬프기도 하지만 그럼에도 살아가는 우리들은 인생은 아름답다고 생각하며 살아가야하는거 같아
513	몰입이 안돼서 지루함
514	머라고 표현하기 힘든 영화 비슷한 내용으로 약간 베르나르베르베르의 파피용과 비슷하다고 생각하고 보면 조금이나마 도움이 될까 싶다. 마지막으로 꼭 한번은 봐야될 영화 인둣하다
515	와! 내가 니 아빠래! 와!? 나도 니 아빤데! 엥? 난 게이야!
516	큰 그림을 참 잘 그려내는 마블
517	Life is like a box of chocolates. You never know what you’re going to get I wish I could’ve been there with you You were
518	이자성과 정우성이 머머리 하나 두고 내꺼야 하고 싸우는 영화라니.
519	포스트 아포칼립스를 살아가는 여성들은 절대 약하지 않다
520	마지막 교훈도 좋지만 한번쯤 시간여행을 꿈꾸고, 그때 그 인연을, 그 순간을 다시 잡았으면 어땠을까 생각하게 만드는 귀여운 판타지까지 곁들여진 맛집
521	차사들의 과거 이야기와 김동욱 캐릭터의 재판이 교차되는 구성이 산만하다. 스펙터클도 처음 볼 때의 신선함이 없음. 그래도 돈은 벌 듯.
522	캡틴, 오 마이 캡틴. 현재를 즐기고, 현재를 사랑하고, 현재를 살아가자.
523	슬프지만 산뜻한 사랑 이야기 오랜만이었다. “모든 시작은 끝의 시작”이라 해도 시작을 하지 않을 수 없는 사랑. 그 사랑이 여물어 다시 저무는 과정을 사소한 것까지 포착하다니. 그래서 더 슬펐지만 그래서 더 좋았다. 아, 스다랑 카스미 연기 진짜 팔짝 뛸 만큼 좋았다.. 아무래도 얘네 연기 천재.. 07/22(2021)
524	2편의 몰락은 3편을 위한 추진력을 얻기 위해서였다! 하핫
525	잊지 않음으로써 더 아름다워지는 인생
526	오펜하이머는 러닝타임 통틀어 자기 자신에 대해 설명한 적이 없다
527	아쿠아 조커는 깊이가 없어도 너무 없었다... 그래도 시리즈 본연에 충실해서 좋다. p.s. 쿠키. 형 안 한다면서요?!
528	뻔한내용 가족 납치 전까지가 좋았음
529	어떠한 스포도 받고싶지 않아 귀닫고 눈을 가린채 영화 개봉을 기다렸다. 하지만, 그 사람의 인생을 공부하고 가야 재밌는 영화였다. 테넷과 인셉션과 같이 선 관람 후 해석의 맛을 기대했지만, 공부가 필요한 영화라는 점을 생각하면 높은 점수는 주기 어렵다..
530	빌런에 대한 새로운 관점이 새롭다. 뭐.. 소니사의 새로운 시리즈 탄생을 위한 억지스러운 면도 있지만 나름 악당을 주인공으로 한 새로운 코드는 나쁘지 않았고 액션 또한 대부분 만족스럽다.
531	이병헌 감독이 더 많은 코미디를 해주길!
532	원빈 사랑해요
533	러닝타임 내내 심장을 쪼으게 하더니 마지막엔 와 하고 그냥 넋을 놔버렸습니다 . 간만에 ‘ 영화 ‘ 한편 제대로 보고 왔네요 :)
534	유령의 섬뜩함도 극장의 으스스함도 담아내지 못했지만, 오직 좋은 음악과 에미 로썸의 미모로 살려낸 영화.
535	춥고 시린 열차는 뜨겁게 달린다
536	혹시 누가 내 인생도 이렇게 보고 있다면 고멘나사이
537	앞으로 이보다 더 좋은 마블 영화가 나올 수 있을까
538	'Queen' 이라는 치트키를 친 영화
539	왜 청불이지.. 너무보고싶어서 어른인척 하고 영화관에서 봤던 영화 윤계상의 연기에 깜짝놀라고 나왔습니다,,
540	역시 김한민. 이 좋은 소재, 훌륭한 배우들..
541	모든게 엄청난 보고나서도 가슴뛰는영화
542	충격적이었던 시리즈최고작이자 마지막 작품
543	정돈되지 않은 정동을 지닌 정도를 벗어난 작당들이 주도하는 잣대 없는 잡담
544	일상의 나날을 보여줄때는 내러티브와 대사는 살아 움직여야 한다고 생각한다. 반복적인 일상을 한참동안 지루하게 보여준 후, 감독이 전하고자 하는 따뜻한 메시지를 전달하는데...지나치게 이상향적인 공간에서 이루어지는 그것이 나에게는 그닥 와닿지 않는다.
545	아무것도 모르고 기대 안하고 보니 재밌다. 황정민 위인전인데 재밌다니.... 역시 난 한국인이야
546	순수한 킬러 레옹
547	거대한 꿈이래봤자 결국은 작은인간
548	베놈의 '인싸 극장'
549	시계탑 장면은 몇년이 지나도 잊지 못 할 장면. 마지막에 다시 돌아오는 장면도 인상 깊었다. 다른 모든 단점들을 없앨만큼.
550	여러분 도박이 이렇게 위험한겁니다
551	설명하고자 하는게 너무나 넘쳐흘러 지치게 만듦. 그럼에도 좋음
552	20세기의 영웅, 21세기를 버티긴 버거워 보인다.
553	장르노보다 아름답고 리암니슨보다 차갑다.
554	영화고 드라마고 되도안한 사투리 좀 그만 할 수 없나
555	연출은 좋았지만 박종철이 '왜' 고문당했는지 안 다뤄져서 아쉬웠다.
556	돈은 이렇게 써야 한다. 한 생명을 구하는 것은 세상을 구한 것이다.
557	다 된 영화에 유노윤호 뿌리기
558	- 기대야 아예 안했지만 이렇게 재미없을줄 몰랐다. 보는내내 너무 심한거 아니냐.. 중얼거렸다. - 베네딕트 컴버배치 잘생긴척 그만하고요 틸다 스윈튼 신비로운척 그만하세요. 매즈 미켈슨은 할리우드 악역 찍을거면 007 같은거나 해주세요 이렇게 구리디 구린거 말고. 이 영화에서 연기 제일 잘한 사람은 레이첼 맥아담스인것 같아 진짜. 당신이 캣우먼 했어야돼.
559	현실을 더욱 현실적으로 만들기 위한 영화
560	이런걸 3d영화관으로 볼수있어 감사합니다
561	전두환 진짜 처맞을래?
562	다크나이트에 가려 박한 평(?)을 넘지 못하고 있지만 사실 놀란이 하려했던 건 여기 다 담겨있는 것 같다.
563	한 시대, 한 세상이 저무는 일에 대하여. 그리고 저마다의 인생의 흐름에 대하여. 삶의 축약본 같은 영화. 인생을 담는 테마로 영화만한 것이 없지. 삶은 더이상 돌아갈 수 없는 순간들을 만들어가는 일과도 같다. 삶의 어느 순간도 필름 잘라내듯 도려낼 수 없는 것. 다 내 모든 삶의 시기들이었다. 그 모든 순간들이 합쳐져 내 삶이 되고 영화가 된다. 사람들의 희로애락을 담은 공간에서의 많은 이
564	액션도 영화의 일부기때문에 반점 추가했다.
565	다음편을 위한 백그라운딩?
566	재밌게 봤다. 그들의 신념이 생긴부분을 조금만 더 다뤄줬으면 좋았을 듯.
567	후반부로 갈수록 라미가 프레디로 보인다 미쳤어 영화 노래 비주얼 말해서 뭐해
568	나는 가오나시가 아니었을까...
569	역시 어벤져스는 생각하면 할수록, 알면 알수록 재미있다. 그런데 볼때는 그렇게 재미있진... -_-
570	아쿠마 데스까아? 와따시와 아쿠마데~스
571	유튭에서 인생은 초콜릿 상자와도 같다는 말을 보고 미뤄왔던 포레스트 검프를 봤다. 명작의 반열에 들만한 다양한 요소들이나 장치가 많지만 그걸 떠나서 94년에 개봉한 영화가 22년도에도 전혀 촌스럽다거나 진부한 느낌이 없었다. 포레스트 검프는 Dork였지만 그거 해내온 일들은 전혀 일반적이지 않았다. 오히려 뛰어났지.. 결단 혹은 업적보다 부러운 것은 3년을 뛰어다녀도 닳지않는 포레스트 검프의
572	왜 4.5인지 다시봤는데도 멍재밌네. 오락영화면 오락영화로써 역할을 다하면 그만이다. 2시간 증발. 머리싸움하는거보니까 "알파고 망치로 깨부시면 이기는거아니냐" "그건 너도 마찬가지 아니냐" 가 생각났다. 하지만 총을 들 때 까지 설득력 있었기 때문에 오케이. 강동원 너무 멋있는데. 사기 캐릭터네 정말..
573	자 이제 누가 진짜 괴물이지?
574	메가 히트 게임 IP를 기반으로 영화로 만듦에 있어 가장 쉬운 길을 택하면서 전반적으로 단조롭고 밋밋하게 느껴지지만, 제게는 그냥 애초에 목표치를 낮게 잡아 놓고 딱 그정도만 한 뒤에 인기 원작의 등에 업혀 쉽게 가는 작품인지라 딱히 별 생각 없이 화려한 색감과 귀여운 그림으로 잘 구현한 세계를 보는 것만으로 나름 만족스러웠습니다. 딱히 걸리는 장면 없이 움직임을 매끄럽게 만들고 무지개 로드
575	귀여운 동물세상
576	My beloved raccoon. 언제나 주인공은 너였어 네가 몰랐을 뿐
577	유아인 체포 되기 전 까지는 이걸 류승완 감독이 만들었단 생각 못할 정도로 푹 빠져있었지만 마지막 장면에서 뜬금없는 체포씬이 쫌 아쉬웠던 것 같다
578	유해진도 주연 가능
579	소재를 재밌게 풀어나가는 힘과 스칼렛 요한슨!
580	이래저래 본 마블 영화가 열 편이 넘어가니 점점 보는 재미가 더해간다. 특히 캡틴마블에서는 다른 영화와의 연관성이 두드러져서 반가운 인물들도 꽤 등장하고, 닉 퓨리의 젊은 시절이나 캡틴마블과의 인연에 대한 얘기도 나온다. 젊은 닉 퓨리를 바로 못알아본 건 함정ᅲ (이름 듣고 알았음ᄏᄏ) 어벤져스4 기대된당💕 (2019.03.10.) ⠀⠀⠀⠀ - I have nothing to prove to
581	언제나 들으면 신나는 bgm과 레트로 모험
582	유일하지 않지만 독보적인 액션 히어로 영화
583	독자성과 의무감 사이에서 보는 재미.
584	원작과는 완전히 다른 영화.
585	기대가 커서 그런가 아쉬움이 남는다 히스레저의 조커가 궁금하다
586	삶의 교과서 울림 새벽 같은 영화
587	찢어진 가족을 다시 묶은 괴물, 골뱅이, 그리고 에이전트 옐로우 . . . . . 초등학생 때 처음 괴물을 봤는데, 너무 현실 같아서 ‘진짜 저런 괴물이 나타나면 어떻게 해야 하지?' 진지하게 고민했던 기억이 난다. 소주병에 불을 붙이는 건 뭔가 있어 보였지만, 익숙하지 않았고 대신 게임에서 친숙했던 활이 떠올랐다. 그래서 문구점에서 6,000원짜리 주몽 활을 사 와서 집에서 맨날 연습했었다
588	미루고 미뤘던 영화인데 영화관에서 봤으면... 하고 아쉬움이 남는다 우주에대한 경이로움의 끝판왕 유레카 같이 급넘어가는 부분은 별로였지만 전체적으로 보면 여운이 길다 역시 보길 잘했다ᅲ
589	킹스맨은 재밌어요요요
590	처음부터 끝까지 악을 쓰는 영화
591	샘 레이미 감 주워~
592	이제는 톰형을 놓아줄때가 온게 아닐까.. 6편이란 시리즈를 이끈 그는 이번편에서 건재함을 보여주는데 그게 이번 편의 피로를 이끌기도 한다. 분명 액션은 역대급인데 미션임파서블 특유의 캐릭의 팀웍은 보기 힘들다.. 에단헌트만의 고군분투일뿐 이제는 톰형을 놓아줄때가 되지않았나싶다. 캐릭들의 매력에 대해 아쉬움이 남는다.
593	아직까지도 주기적으로 다시 본다
594	광해 과대해석아닌감
595	영화 시작(소)~~~~~~~~~~~~~~~끝(름)
596	이야기의 플롯이 아이언맨3랑 살짝 비슷하네요. 마블의 스토리 전개와 3D그래픽 그리고 연출력은 정말 흉내도 못낼 경지에 오른듯!!
597	사랑하는 올라프, 조금 속상하지만 어른이 되고 보니 이해 못 할 일이 더 많더라. 그래도 괜찮을 거야. 넌 '아무것도 이해는 안 되지만 내가 뭘 하면 되냐고 묻는 마음'이 뭔지 이미 아는 눈사람인걸.
598	내러티브 보자고 보는 영화는 아니니까요 그죠??
599	장애를 가진 아이 부모의 고충이 이해되는 영화.
600	콜린퍼스!!
601	‘대충 이런 얘기이지 않을까?’ 하고 보긴 했는데... 너무나 그런 얘기여서, 심지어 거기서 단 한 발짝도 벗어나지 않아서 다소 실망스러웠다. 다양성만을 강조하느라 정작 스토리의 다양성은 잃어버린 듯한 픽사와 디즈니 ᅲᅲ 최근 몇 년 사이의 작품들은 정말 <소울>을 제외하면 평이하기가 이를 데 없다. 부분적인 상상력과 표현력은 여전히 뛰어나지만 이야기 자체는 너무 성기고 편의적이다... 이제
602	마동석의 화끈한 주먹 이거 하나로 별점4
603	롯시 시사회에서 봄. 송강호 연기 하드캐리ᅲᅲ 유해진은 역할이 너무 진부해서 그런지 연기도 진부하게만 보였다ᅲᅲ 노래부르던 재식이 못잊어 흑흑 속으로 전두환 욕을 욕을 쌍욕을 하면서 봤다.
604	제발 숨 막혀, 감독의 인형이 되긴 난 싫어
605	출근시간 지하철에 빽빽히 들어차있는 사람들의 모습 ... 사람이 많고 정신없다...그래도 이만큼의 히어로들을 이렇게 정리해낼줄이야 ...!
606	꽤 그럴듯한 틀을 잡아놓고 공포와 B급 그 사이로 유유히 도망간다
607	여기 보세요 찰칵!
608	재밌는 건 그냥 보는거야!
609	6,000만큼 사랑해.
610	이게 바로 뒤통수치기란 거지
611	명예는 눈에 보이지 않는 것. 22.08.15 감사합니다. 그렇게 지켜진 곳. 24.08.22 감사합니다.
612	초반에 일본식 사무라이풍의 액션은 좀 뻔했지만 , 전반적으로 감각있는 액션 연출과 키아누 리브스 형님의 액션은 여전히 살아있다. 런닝타임만 타이트하게 줄였다면 최고였을듯!
613	선과악의 분명한 표현. 악을 물리치는 시원한 감동. 거기에 재미 까지! 오랜만에 진짜 재밌는 영화였다.
614	판타지 요소가 깨긴하나 연출방식이 몰입도를 높여준다
615	지 나쁜 걸 모르고 나빠질 수 있는 환경에 사는 인간의 멘탈은 열권 뚫고 안드로메다까지 간다
616	앤드류의 스파이더맨을 좋아하지않지만.... 봐야지
617	돌돔 매운탕이라고 아는가? 그냥 돌돔을 국에 넣어 끓이는 것이다. 하지만 누가 돌돔을 매운탕으로 해먹겠나 이 영화를 본 내 마음이 그러하다. 하 그럼에도 토비와 가필드를 보는데 왜 마음이 이리도 뭉클해지는지..ᅮ
618	한국판 오션스 일레븐. 초호화 캐스팅으로 떡칠했단 공통점은 있지만 스토리의 무게감에서 차이가 있다.
619	"A woman's heart is a deep ocean of secrets."
620	재미와 감동, 짜릿함 모두 이 안에 있었다. 약간의 서사가 늘어지는 부분도 없잖아 있지만 그정도 쯤이야... 다만 우리는 언제부터인가 히어로들의 고난과 고통을 바라보며 카타르시스를 느끼는 일종의 ‘선행 포르노’를 보고 싶은게 아닐까 생각해본다.
621	영화의 제목이 왜 트로이죠? 아킬레스여야 할듯. 브래드 피트의 미친 남성미로 모든걸 다 해먹는다
622	나쁘지 않은 출발... 기생충이 아닌 동반자여~ 이제 막 시작되었을 뿐, 베놈의 얘기가 이걸로 끝나기엔 너무너무 아쉬우므로 후속작을 기대함! 만국의 수지는 예쁘고, imax 조조 관람은 진리다.
623	"The ones that love us never really leave us. And you can always find them..in here. 사랑하는 사람에겐 이별이 없어. 늘 곁에 살아있지,여기(너의 마음 속)에." (2회차 관람. 5회차까지 도전)
624	매끈한 전체관람가로 뽑아낸 뉴 프랜차이즈.
625	힙스가르드
626	반........ 전작의 반토막
627	캐스팅에 비해 스토리가 아쉬움..
628	겉멋으로 가득한 다른 의미로 지옥같은 텍스트 속에서 살아남으려 애쓰는 배우들의 서바이벌 대잔치 하지만 초호화 캐스팅에도 불구 보고 싶은 구탱이형님만 선명하게 아른거린다...ᅲ
629	정답이 정해진 머나먼 여정에 나를 질질 끌고 가는 방식 또한 산만하고 요란법석하며 상투적이다.
630	황정민이 중심을 잡고 강동원이 춤 춘 영화
631	웃겨야할 장면은 웃겼지만 슬퍼야할 장면에서는 슬프지 않았다 그리고 안소희의 연기는... 그래도 이쁘니까..
632	팽이가 돌든 안 돌든 상관없다
633	블랙 위도우라는 캐릭터의 애매한 마무리
634	대부 시리즈는 최고의 명작- 마지막 딸을 잃고 절규하던 알파치노 연기가 아직도 기억에 남는다
635	오리엔탈리즘으로 가득찬영화를 동양인이 물고빨게하는 영상미.
636	그림자에 햇살이 드리우걸랑 말해주오 누가 보지 않는 것에도 습관이 깃들고 행복이 배어나올 수 있다고 그림자에 그림자가 겹치거든 애써 침묵하며 서로의 그림자를 밟아줄 수 있기를
637	아름다움의 반대말은 슬프지 않다가 아니다. 그러니까 인생은 아름답다 근데 아름답다고 했지 슬프지 않다고는 안했다
638	가족의 추락, 인간 존재의 추락, 진실의 추락 모든 추락을 해부하는 영화.
639	박태수의 역사강의가 아니라 한강식의 역사강의에서 그쳤으면 하는 아쉬움
640	겟 아웃급 충격적인 영화
641	포스터만 봤는데 결말이 보였다
642	영화 제목이 단순해 보이지만 이보다 더 걸맞은 제목은 없다.
643	하정우와 오달수의 연기는 무난하고, 오히려 배두나가 빛나는데?
644	웹툰보다 울고 영화보고 또 울고
645	정우성 잘 생겼다 한효주 이쁘다
646	왠지 황정민의 연기가 머릿속에 그려진다.
647	따뜻해지는 영화..
648	형 진짜 그만해..
649	따뜻한 블랙코미디와 차가운 휴머니티.
650	아이들이 어른이 되어가는 과정이 어른인 내가 아직 어른이 못되었나보다
651	‘희망’은 항상 옳다.
652	원작과 다른 노선에 반발을 염려한 치트키. 배역 외 연기에서도 시종일관 업혀다닌 차태현.
653	유해진의, 유해진을 위한, 유해진에 의한 영화.
654	능력이 너무 보잘 것 없어서 실망했는데 마지막에 하나같이 각자 힘이 강하다는 게 보여져서,, 누가 죽기 전에 실력 발휘 좀 하지,,아쉬움 한 명 한 명을 골고루 보여줘서 누구 한 명에게 빠지기 어려웠지만 전체적으로 무난~
655	볼때마다 나를 고취시키는 대사들. 내 인생 최고의 영화
656	아프리카가 이렇게 힙한 나라였다니
657	어스파2 나만 재밌나.. 캐스팅도 너무 좋고 스토리적 허점이 있지만 다른 스파이디 영화에 비교해서 그웬피터 서사 비중이 큰점이 가장 좋아요
658	쉽게 떠먹여주는 아주 쉬운 과학이야기와 휘몰아치는 정치이야기... 이 영화가 과학영화가 아닌 정치시대극인 이유
659	현실과 꿈의 모호한 경계에 대한 깊은 고찰.
660	정말 짤없는 빌런
661	전작이 주는 철학적 의문은 배제한 채 시리즈의 깊이를 더하면서 다음을 준비하는 듯한 느낌
662	밈연속발생영화
663	2편의 법칙치고는 뭐.
664	이런배우들 다시 뭉칠수 있을까
665	거대한 스케일을 통해서 본 느낌은 참 새로웠다. 그리고 마지막위기순간에 주인공이죽지않은것에대해 기뻐하는사람들을보며 생명의소중함을 느꼈다
666	항상 이 표정이야
667	다 주고 싶은 할머니의 마음, 그 할머니의 양분을 받아 조금씩 자라는 미나리들ᅠ ᅠ 어쩌면 '미나리'는 이민가족뿐 아니라 여기 저기 저마다의 낯선 곳에서 잘 자라고 있는 우리 아닐까? 폴이 주일마다 십자가를 끌고 가며 십자가가 있는 곳이 자신의 교회라고 하는 말에 아 저 사람도..! 라는 생각이 들었다. 어디에서 자라는지가 뭐가 중요해! 우린 잘 자라고 있는데, "미나리는 어디서든 잘 자라"
668	극장에서 유아들까지 얼음이 되어 보는 영화..내 평생 애들이 그렇게 많은데 조용히 영화를 본 건 처음
669	가족들이랑 재미있게 봤다! 장첸도 강해상도 각자의 광기가 있어서 독보적. 마석도처럼 살면 어떤 기분일까. 두려울게 없는 기분이란.. 23.01.07
670	진정한 킹은 우리들
671	재밌게 보긴 했지만 두 번 보고싶진 않다
672	찰진 마동석 @나폴리 국제공항 - 2017.06.11
673	일관적인 최동훈감독표 액션이 어떻게 천만이 넘었다 싶지만서도, 근대배경의 첫 천만영화라는 뉴스기사가 마음을 아프게한다. 영화의 내용보다 본질이 우리기억에 남았으면 한다.
674	재미는 있는데 엘사와 안나의 사랑?ᄃᄃ
675	상남자의영화 그게끝
676	현 대한민국에서 만들 수 있는 유일한 판타지 영화. 현실에서도 같은 결말을 맺을 수 있기를
677	먹먹하고 생각이 많아진다 많아지지만 영화로는..모르겠다.
678	애는 썼지만, 촌스럽다. 모든걸 가지려다 모든걸 놓쳐버린 영화.
679	6점 = 5(1,1,1,1,1) + 1(시작점) "스스로의 객관성"을 위해 "주관적 평가기준"하에서 평가합니다. 비전문가의 개인적 평가이므로 취향을 가장 크게 두었습니다. 평가기준(10점중 9점평가) : 취향3, 작품성2, 오락성2, 몰입(연출,연기)1, 그외(미술,음악..등)1
680	마블 세계관이라면 어땠을까 하는 생각을 했다. 스타크에 대한 복수로 미친 과학자가 재난을 일으키고 시민들은 고통스러워하며 영웅을 기다리고 세상을 구해야한다는 책임감이 삶의 최고의 고민인 영웅들이 나타나 시민들을 구하는 그런 상황을. 하지만 우리의 현실에는 어벤져스가 없다. 세상을 구해야한다는 거대한 책임감을 지닌 이를 지켜보는 것보다, 나도 살고싶지만 더 위급한 사람이 우선이라며 어쩔수 없이
681	찰지게 감아주는 거미줄같은 서사
682	2를 위한 예고편 이라고 생각한다 (제발!!!!😂)
683	해피엔딩이라 고맙다. 슬픈 판타지.
684	내가 딱 좋아하는 스타일 재미 유쾌함 감동 모두 잡았다 사회적 메세지가 약해서 그냥 4.5
685	불쾌한 망상적 불행 포르노. 기능적으로 말끔하고 영화적 표현력에 충실한 것이 더 짜증난다. 도대체 왜 이따위 과장적이고 신파적인 블랙코미디에 찬사를 보내는지 나는 이해할 수 없다.
686	일곱살의 내가 되어 빠짐없이 기억하는 그 동화가 현실처럼 눈에 그려졌다. 남들은 고리타분한 이야기의 재생산이라 말할지라도 나는 충분히 감동했고 행복했다.
687	아직은 먹을만한 사골국. 근데 감칠맛이 좀 떨어졌다. 조미료를 바꿨나?
688	캡틴은 영원하다.
689	인생의 행복이 무언지..그 행복의 아름다움은 무언지 ..자꾸 자꾸 생각하게 된다.
690	컨셉은 대폭발, 과정은 흔들흔들, CG는 화끈화끈. 명절 특선 오락 영화의 고속도로.
691	전지현 이정재 하정우 별 3개 최동훈 감독님까지 별 반개 더 하자. 당시 의복보는 재미가 쏠쏠. 완전 취향저격! 정재님 볼록 나온듯한 배 (CG인가) 마지막서비스감사함. 갓지현♥️
692	#TeamIronMan
693	캐러비안의 해적 시리즈 중 최고
694	아쉬워 아쉬워 전편보다 확실히 아쉬워
695	정말 교회학살씬과 불꽃놀이씬은 두고두고 기억날것같다 그리고 콜린퍼스의 역대급 수트핏도
696	내가 쉰들러였으면 이렇게 못 했다
697	'불가능은 없다'를 다시금 보여주는 톰 크루즈의 위대함. 전작의 향수를 은은히 자극하면서도 전작을 한참 뛰어넘는 시청각적 기량에 심히 압도되고, '매버릭'을 위시한 배역들의 매력과 배우들의 열연에 깊이 매료된다. 액션 블록버스터 불후의 명작이라는 데 이의 없다. [2025. 9. 11.]
698	아직 어렵지만 먹먹해지는 마음은 어쩔 수 없구나
699	나도 이제 컸나보다
700	역사적 사실과 극적요소 사이에서 줄다리기 하다 애매뽀짝해진 느낌
701	이거 광적으로 좋아하는 애들 야동기록 조사들어가야됨 영화자체는 세세한 디테일이 맘에듬
702	인터스텔라, 1917을 떠올리게 하는 환상적인 초반의 스퍼트, 거기에 음악이 합쳐져서 어느새 눈물이...
703	노형cgv에서 혼자 ᄏᄏᄏᄏ ᄏᄏ
704	300에서 보고싶었던 결사항전. 처절한 백병전이 일품
705	개봉해줘서 고맙다. 하지만 한번 보고 이해하지 못하는 영화는 관객이 나쁜걸까 감독이 나쁜걸까. 놀란류의 영화는 다 그렇지만 극장에서 보고나면 찝찝하고, 집에와서 해석을 찾아봐야 한다. 이번꺼는 유독 심했다.
706	인간의 결함과 가능성을 신의 시점에서 바라보기 영웅들과 떠나는 세계사 여행은 덤
707	Get busy living, or get busy dying. The Shawshank Redemption 1994
708	진짜 조커 다시보고싶다
709	진한 서부극의 향기. 사실 상업자본으로 자기가 만들고픈대로 만드는게 참 어려울텐데... 나는 군도에서 다찌마와리의 그림자를 보았다. 조연들의 개성을 제각기 살리지 못해 아쉬움.
710	강요하지 않는 시선으로 조심스럽고도 예리하게 그때의 사회를 표방하는 영화. 양 10마리를 이끄는 훌륭한 목자도 배고파 울부짖는 늑대들 앞에서 양 10마리를 다 지키기는 어려울 터이니.
711	코미디의 정체성을 잃지 않아 꽤 유쾌하게 봄.
712	완다 당신 너무 멋져 닥터스트레인지는 인간적이어서 짠함
713	닿을 수 없는 거대한 행복보다, 코 앞에 있는 일상의 소중함을 위하여
714	배우들의 연기력이 뛰어난 영화
715	23년3월1일
716	왜 사냐 물으면 그냥 리버풀 보려고 산다 해야지
717	나쁘지 않지만 나쁘고 나쁘지만 나쁘지 않았던 영화
718	재미있지만...뭔가
719	아이들과보았는데 스토리도탄탄하고 그래픽이 와우!
720	다시 와줘서 고맙다 친구들. 마지막 침묵의 시간을 잘 지켜준 동료 관객님들께 감사 ᄒᄒ
721	아버지세대, 가부장제에서 '가장'이라는 역할에 충실했던 한 인생이야기로는 눈물 흘리며 봐줬지만, 현실은 그렇지만은 않다는게 문제...
722	톰크루즈 형님 너무 멋있어요
723	"우리 잊으면 안돼"... 이런 억지 대사 좀 빼라...
724	3시간으로도 모자르는 이야기가 아쉽다. 특히 후반은 지나치게 서두르는 느낌. 그럼에도 그 안에서 느껴지는 감정들은 좋다. 무엇보다 음악과 배우들의 연기가 좋다.
725	참신해서 좋았다! 신파라고들 하던데 그렇다기엔 원작 내용이 저래서 나는 그렇게까지 억지감동영화 같진 않았당 다만 좀 아쉬웠던건 해원맥. 해원맥 캐릭터 왜 이렇게 변했나요ᅲᅲᅲᅲ 가장 좋았던 대사는 이승에서의 힘들었던 기억들도 저승에 오면 다 아름다운 추억이 된다는 말.
726	동석쒸 한국사람으로써 너모 어색했다 보면서 자꾸 파워레인저가 생각났고 다들 별로라지만 나는 재밌게 봤다 무엇보다 바이섹슈얼, 청각장애를 가진 다양한 영웅들이 나와서 좋았음 2021.11.6토 서면삼정 남친
727	각본이 애매하다. 범죄 느와르 한국영화 볶아놓은 영화 배우만 완벽하다. 이성애자인 나조차도 눈호강은 톡톡히 했다.
728	- 뻔한 소재도 어떻게 사용하냐에 따라 - 에밀리 블런트의 재발견 - 역시 톰아저씨
729	뭔데 재밌냐
730	어릴적 조승우가 진짜인줄 알았던
731	그래.. 취향일 줄 알았지
732	한 걸음 더 과감히 깊게 다가갈 수 있음에도 다수의 만족을 위해 스스로의 가능성을 제약하는 마블의 자기 검열이 아쉽다.
733	유머 5 액션 4 전개 3(식상; 정반합) 발전 2 감동 1
734	너무나 익숙한 이야기, 압도되는 시청각적 비주얼.
735	판호가 형배한테 일방적으로 맞는 장면 빼고는 흠잡을 것 없는 영화. 클럽에서 좀 더 싸웠으면 어땠을까 싶음
736	이 영화는 나중에 이렇게 불릴것이다 뵨사마: 부활의 시작 PS: 디 오리지널을 보게 되었는데 밑장빼기를 당했다는 생각을 지울수가 없다... 둘 중 하나만 봐도 충분함.
737	유일하게 웃은 장면 : 데일리 뷰글
738	이 장르에서 이렇게 잘 만든 영화를 또 본 적이 있었던가
739	무서웠으나 예상되는 놀람 포인트
740	무한한 상상력의 시초. 반지의 제왕 이후 상상력은 더 커질 수 있었다
741	새는 새장에 갇혀도 날아오르는 법을 잊지 않지
742	졸리 누님의 미모는 여전히 존니ing 중이시다. 결국 사랑때문에 레이저를 쏘지 못한 그 남자..
743	봉감독님 영화답지않게 지루한 느낌을 종종 받았다. 봉감독님 특유의, 장면장면간의 쫀득함이 좀 부족한 느낌. 봉감독님조차 채 다 품을 수 없었던 각본이랄까. 그래도 팬심으로 4점!
744	토토 이 불효자식 불효를 하니까 고속노화를 하지 이자식아
745	샴푸 먹방에서 웃음 사투리에서 한숨
746	재밌는데 왜 2 안나오지? 안젤리나 졸리 액션 더 찍어주세요..넘 좋아... 존멋..
747	‘괴물’이 누군지 한참을 바꿔가며 헤매이다, 그 끝에 나를 발견하고 부끄러움이 밀려왔다.
748	주인이가 서명을 안하겠다고 할 때 미도가 외부인을 데려왔다며 화를 낼 때 난 멋대로 판단하고 비난했다 멋대로의 판단 끝엔 항상 후회가 따르는데 왜 매번 판단을 하게 될까 판단을 멈춰야겠다 생각했을때 비로소 그제야 온전히 영화를 느끼게 된다 매번 내용을 까먹음에도 내가 왜 영화를 보는지 깨닫게 해주는 고마운 영화
749	오랜만에5점짜리네ᄏᄏ 배우들 연기며 노래 스토리까지 삼박자ᄏᄏ 자스민 반전 독무대는 굿
750	공룡이 살아 움직이는 것처럼 너무 생생 했고 다시 보고싶은 영화이다 정말재밌있게 본 영화이다~~
751	코미디와 감성의 조화는 지겹지만 그래도 챙겨보는게 이런 느낌이 좋아서가 아닐까
752	제목만큼 개성 없는 이야기. 그나마 마동석만 표현할 수 있는 캐릭터 연기가 힘을 실어줄 뿐.
753	집에서 짱구나 볼걸...
754	이 인물 저 인물 다 보여주려다가 정작 집중해야할 인물은 뒷전. 전투씬은 잘 뽑아냈으나 중간중간 어중간한 설정들로 스스로 자멸하고야만다.
755	혹자는 마블과 디씨를 [마블은 웃긴거-디씨는 진지한거] 라고 구분하곤 하더라. 그치만 마블도 꽤나 진지한 시리즈물이라고 생각한다. 거의 모든 캐릭터가 '정치적인' 고민을 하지 않은 적이 없다. 그 시작은 무기개발자 토니 스타크였고.
756	저런, 잼민이가 또 사고를 치는구나...🤦‍♀️ 그 덕에 기적같은 쓰리샷을 봤으니...뭐.🥶 + 앤스파가 엠제이 구할때 나도 울컥했다.😭
757	촌스러워도 마음이 두근.
758	오리지널 영화를 만드는 데 단연 으뜸인 놀란 감독.
759	모든 것에 압도 당하는 영화
760	감히 말하건대 아버지와 아들의 관계는 거의 모든 서사의 기저에 있다 하여도 무리가 없을 것이다. 가부장의 자리는 존재로서 혹은 부재로서, 동의로서 혹은 거부로서, 경외로서 혹은 경멸로서 어떻게든 살아남아 영속할 것이다. (이는 비단 서사에만 해당하는 것이 아니다. 가부장의 자리는 페미니즘이 가장 치열하게 사유해야할 문제 중 하나이다)
761	한국 사극영화중에 이거보다재밋는거있엇나
762	사기의 단위가 달라졌다고 영화의 만듦새가 올라가는건 아니다. 솔직히 세배우의 매력을 빼면 남는게 무엇인가
763	보여주지 않음으로 들려주며 들음으로 인간의 이중성과 악의 평범성으로 그 시절 생명의 가치가 대조적인 그들의 삶 속에서 스며들듯 드러난다. - 잊지 않고 또다시 꺼내며 드러내 잊지 말아야할 역사를 통해 우린 또 마음으로 느낀다. 지금도 어딘가에서 삶의 경계 속에 살아가는 누군가들이 있을 것이다. 우리 모두 그것을 잊지 말고 희생되어지는 희생되어가는, 권력의 투쟁 속에 소중한 생명을 앗아가는 모
764	사탄의 인형 아네트 귀 여 워
765	분장이고 대사고 짜증날 정도로 투박한 게 한두 가지가 아닌데 그럼에도 독특한 소재와 과감한 각색(좋은의미로든 나쁜의미로든)이 있는 흥미로운 플롯이고 공들인 티도 남 캐릭터는 클리셰와 배역 이미지에 묻어가는 면이 커서 그다지 매력적이지 못하고 영화 전체적으로 비주얼, 연출, 빌드업이 세련되지 못하기도 하지만 말 얹을 거리가 있는 영화이긴 하다고 생각
766	누가 더 연기파 배우인가 배틀뜨는줄 알았다. 다들 연기를 너무 잘 함. 그리고 완다비전 드라마의 배경지식이 반드시 필요함.
767	왜 좋은지 설명하기 어려운데 그냥 좋다. @cgv용산 재개봉
768	한국에도 캐릭터 영화가 통하는구나. 그런데 명배우들이 모였는데도 뭔가 너무 허전하다. 각본부터가 잘못이었을까.
769	50002: 킬링타임용으로 볼만한 영화였다
770	10년의 마무리가 이렇게 깔끔할 수 있다니
771	시각디자인 ᄉᄐᄎ
772	그냥 웃기자너 ; 처음으로 박서준 왜 조아하는지 알겠더라. 내용은 얼탱없지만 그래도 피식 했으니까 점수 준다
773	가족의 소중함을 뼈저리게 느끼게 해준 영화
774	마블이 아니라 DC를 본 기분.. 인류의 역사, 신화를 다룬 점은 참신하나 각 캐릭터의 매력이 크게 느껴지지 않는다. 인피니티 사가가 너무 강렬했던 걸까. 점점 재미가 아닌 의리가 되는 마음을 사로잡을 작품이 나오길.
775	영화자체를 여러번보고싶어하지않는데. 이영화는 두번 세번 이라도 보고싶다. 설명이필요없는영화
776	신선한 강동원과 어디서 본 듯한 황정민.
777	마지막 액션보면 헛웃음 나오긴 하지만 일단 고양이가 너무 귀엽고, 악당 외모에 대한 선입견을 꺾어버리는 전개도 맘에 들었다
778	최고의 영화 다만 연속 킥을 하는장면에서 왜 폭탄이 터졌을때 반동에의해 깨지못한지는 아직도 이해안가지만 영화 마지막에서 공항에서의 눈빛교환 디카프리오의 연기 마지막 장면에서의 관객들에게 던지는 질문 이러한것으로 봤을때 나한테는 둘도없는 인생 영화다.
779	부모와 자식, 애증, 세상 가장 어렵고 질긴 인연. 난 당신 꼭두각시가 아니에요, 사랑한다면 사랑한다고 말해줘요. 세자의 "허공으로 날아간 저 화살이 얼마나 떳떳하냐,"란 대사..
780	재밌었음 ᄒᄒ
781	이병헌 원맨쇼
782	극장에서 졸아서 집에서 다시봤는데 또 잠들었다
783	간신에게 눈과 귀를 막혀버린 가여운 킹에게 연민을, 죽음 앞에서도 그 형형하게 불타오르는 눈빛과 고고한 자태를 잃지 않던 '퀸'에게 찬사를!
784	끊어야할때 끊을줄몰라서 아쉬웠던영화. 소지섭이 춤추는 장면과 문근영의 노년분장에서 모든 고조된 감정은 잊혀져갔다.;
785	바티칸 호러물, 엑소시즘 등에 대한 디테일과 고증이 부족함 이런 영화를 만들기 위해서는 제반 호러물 50편 정도 보는 것은 필수
786	전체적으로 오바가 좀 오바임 미국식 만담개그 10번하기 라니
787	남북 설정 지겨워!
788	재즈가 많이 삽입되어서 0.5점 더드립니다
789	영원히 캡틴으로 남을 로빈 윌리엄스의 삼가고인의 명복을빈다 오캡틴 마이 캡틴!
790	영화로써 완벽하다기보단, 나에게 있어 완벽한 선물
791	뭐 이렇게 대충 만들었어..
792	김윤석이 정말 내 선생님이었음 했다
793	명성을 따라가지 못하는 나의 영화 이해력이 문제일까
794	년마다 봐야 하는 영화
795	무너짐 속에서도 버텨가는 플롯의 굳건함
796	어렵지만 기똥차다
797	특이하게 웃긴 킬링타임용 내수용 케리비안의 해적 우리나라 cg와 촬영기술은 정말 많이 발전한듯 데이트용으로 보기는 좋은 영화
798	재밌다 가족의 사투가 너무 감동적이다
799	완다의 모험 : 흑마술의 기원을 찾아서
800	캐릭터 하나하나가 빛난다
801	가장 중요한 것은 나로 부터 시작한다.
802	머리가 아닌 몸이 주는 별점
803	탐정극 + 우화 + 약간의 허술한
804	다큐형식의 영화 나는 자식새끼 다 필요없어 할때의 필요없는자식이 되지 말아야지
805	이렇게 매력적인 악녀라니.. 다소 진부하게 느껴질 수 있는 줄거리가 전혀 지루하지 않은 시각적, 음악적 즐거움 연기는 역시 더 할 나위 없고
806	현실같은 영화, 그러나 현실은 더 영화같은
807	죄는 용서가 되는 영화
808	한국형 느와르의 정점. 몇몇 배우의 부산 사투리가 어색하다는 평들도 봤지만 그만하면 볼만한 것 같다. 최민식 배우가 연기하는 최익현은 말 그대로 건달도 아니고 일반인도 아닌 어정쩡함 그 자체였다. 그 어정쩡함이 당시 한국 건달의 위치일지도 모른다. 또한 할리우드처럼 총알이 난무할 수 없는 것도 한국형 느와르다. 한국에서 공권력 외에 총질을 할려면 관객들을 설득시키거나 설명을 과감히 생략해야한
809	이 영화가 보여주는 모성은 '마더'보단 '어미'에 가까운.
810	끝이 궁금해지지 않는 영화는 몇 안된다..
811	극도로 지루해서 중간에 포기
812	영혼은 생기있게.
813	굉장한 정치 드라마로서의 흡입력과 머리를 들이미는 뜨거운 휴먼드라마와의 괴리가 아쉽다.
814	오컬트장르안에 살벌하면서도 웅장하게 녹인 무지와 의심 , 그리고 선택의 비극
815	다음은 다음, 지금은 지금... 순간을 살며 느끼는 사사로운 감정들은 나뭇잎이 흩날리듯 내버려두자
816	여러분은 '물불 안 가리고' 사랑한 경험이 있으십니까? 저는 너무 사랑한 나머지 실제로 죽은 적이 있습니다. 과학적으로 생각되는 물과 불의 불가능 사이에서 사랑으로 포장할 수 있는, 그것도 예쁘고 정성스럽게 포장한 영화적 허용의 낭만으로 관객을 끌어당김 너무 많이 울고 웃었던 영화였습니다 디즈니 100주년 오프닝은 봐도 봐도 벅차더라
817	운빨 로맨스
818	뻔하지만 재밌는 판타지 액션 영화 나쁜 짓 좀 하지마 제발
819	개봉당시 감동적이면서도 기대이상으로 재미있게 보았던 기억이 난다 시간나면 다시 보고싶기도 하다
820	꼭두각시를 제어하는 손은 대부의 것이 아니다
821	그냥 생각없이 재밌게 봄
822	아이언맨 시리즈중 제일 노잼
823	이 영화를 재밌게만 봤다면 행복한 사람이겠지
824	자극적이고 현실적인 분열보다 차갑고 냉철한 카메라가 더 무섭게 느껴졌다. 자본주의가 최대로 발전한 지금, 전쟁의 참혹한 잔상은 어떤 태도로 담겨야 할까. “목숨보다 중요한 사진”이라는 것이 정말 있을까. 우리는 카메라 앞에 서 있는 걸까, 아니면 뒤에 서 있는 걸까. 기자라는 직업의 이중성도 엿볼 수 있었다. 종군 기자의 사명감은 무엇일까? 돈이 되는 샷, 더 자극적인 샷만을 추구하는 것은 
825	숲보다 나무가 도드라지는 새로운 시작을 위한 캐릭터 가이드...
826	재밌었어요 다만, 이 영화가 왜 15세로 나왔는지는 이해가 안가네요 부진한 한국영화의 흥행을 위해서 라는 추측도 해봅니다...(추측!!) 아무튼 다들 연기가 너무 살벌하게 좋앗구요 고 김주혁님의 연기, 살벌하게 무서워서 좋앗습니다 잘봣어요!
827	한국사회의 단면을 볼 수 있는 영화. 영화를 보면 단순희 가부장의 면모인가 싶다가도 한국 근현대의 아픔을 모두 담고 있는 영화. 두부공장이라는 가업에서 출발해 가족과 세대를 보여주는 영화라 기억에 남는다. 장례식과 제사를 통해 그동안 보여주지 않은 현실 한국을 보여주는 느낌이었다. 무엇보다 한국 근현대가 자리잡고 있는 아픔을 보여준다는 것에서 많은 생각이 들기도 했다. 마지막 할아버지가 걸어
828	제발 정주행 다하고 봅시다 무도 마지막회를 보는듯한 느낌
829	영완얼. 비주얼이 주연을 결정하는 시대!
830	뻔하고 다 예상이 가지만 그래도 어벤져스! 어셈블!
831	액션씬은 좋다만, 스파이더맨 솔로 무비에 언제까지 아이언맨 얘기만 할거야?
832	두 번의 아이컨택
833	오랜 세월을 배신하는 최악의 마무리. 누구나 그렇겠지만, 나는 이빨만 신나게 터는 “구강액션”을 기대한 것은 아니었다. 물론 긴 세월을 마무리해야만 하는 <파이널 레코딩>은 어쩔 수 없이 친절할 수 밖에 없는 부분이 있음을 인정한다. 허나 설사 그렇다고한들, <파이널 레코딩>은 그 정도가 지나치다. 영화는 시종일관 습관적인 플래시백을 통해 지난 작품들을 회상하며 관객의 추억을 자극하려 하지만
834	두부에서 콩으로 콩에서 다시 두부로
835	1편보다 낫다. . 서울에서 액션은 좀. . .
836	캡틴아메리카의 인성이 의심된다. 버키라는 친구를 감싸며 수많은 사람들이 죽어나가도록 내버려두고, UN의 지시를 무시하며, 아이언맨에게 거짓말을 한다. 거기에 마지막 장면은 확실한 범죄행위인 탈옥..... 악이 정당화되는 영화임에도 15세 등급이라니... 믿어지지가 않는다.
837	흐르는 현대정치의 해류를 타고 항해하는 유쾌한 해적선
838	° 나도 리셋 되엇으면...
839	엔딩 크레딧이 올라오기 30분 전부터 시계를 수시로 확인했던 것 같다~ (영화가 끝나가는 것이 너무나도 아쉬워서..^^) 그리고 예상과는 다른 충격적인 결말을 접했을 때, 그 아쉬움이 허탈함으로 바뀌었다~
840	내가 뭘 봤는지는 모르겠는데 개웃겼다
841	화려한 색채와 신나는 음악이 환상적인 디즈니만의 영화. 소리내어 말할 권리를 외치는 그 모습 조차 ‘아름답게’ 그려내는 디즈니만의 페미
842	망한 프렌차이즈였던 엑스맨을 다시 본 궤도에 올려놓은 수작.
843	정말재밌게본영화~근데이제 과거장면은쫌..배우들도 멋있고 스토리도 재밌지만 과거는 오래된 느낌이나서 별루~특히 울버린 손톱(??)너무 구리다--
844	마블 영화를 보고 촌스러운데다가 온갖 설정과 사연을 설명으로 다 때우는 느낌은 또 처음이라 당황스러웠지만 그래도 양조위 보며 정신줄 잡음.
845	왜 만들었을까
846	10년 전에 나왔어도 분명 재미없었을 영화.
847	난 이런 먼치킨 주인공이 좋아 멋도 있고
848	긴 러닝타임이 무색하게 찰나처럼 느껴진다.
849	스네이프 교수님 최애 크으으으으으ᅳ으으으ᅳ 다하셨슴다 크으으ᅳ(감탄
850	현혹되지 않을수 없다
851	“갑작스러운 전개와 악역 설정으로 결핍이 만들어졌고 그 결핍을 배우로 채웠다”
852	최장시간을 쓰고도 할 말을 다 못 끝낸 느낌... 영화로서 실패작. 시리즈로서는 좋은 연결부라고 생각함.
853	알고도 맛있는 맛!
854	스파이더맨 처음 봤는데 원래 스파이더맨이 이렇게 능력 없어보이는건가
855	답답한 행동들과 뻔한 개그가 무겁고 심각해야할 상황에서 계속 나온다. 어찌보면 별로일수있지만 심각한 주제를 너무 어둡게 표현하지는 말자는 의도가 아닐까 싶다. 절차를 우선시 하는 사회에서 열정,집념, 그리고 진심이 때론 얼마나 중요할 수 있는지 보여주는 영화.
856	장소의 이동 없이 인물들의 대화만으로 압도하는 영화
857	정형화된 한국 영화의 모습 그리고 도대체 빠지지 않는 신파 그럼에도 잘 어울리고 기대이상의 조합에 안도했다. 비극적인 그날보단 택시 운전사와 기자에 초점을 둔 점은 아쉽지만서도 생각해보니 이름값 한거였더라~ 마지막에 공항에선 아르고 같은 긴장되는 추격씬을 기대했건만 없어서 무척 아쉬웠지만 실제로 장훈감독이 그런 씬을 찍긴 찍었다고 했는데 안 넣었더라ᅮᅮ p.s 영화관에서 절대 안웃는 타입인데
858	동물을 통해 명확하게 드러나는 인간 군상들. 진부한 스토리지만 곳곳에서 빵빵터지는 위트로 지루할 틈은 없다.
859	2025년, 빌바오와 두바이에서 일어난 두 소니의 성불
860	한나랑 봄
861	좀 더 빡세게 굴려도(?) 좋았을 영화 유해진이라고해서 두말않고 봄
862	흰색에 파묻히고 싶지만 깊이 빠질수록 색이 섞여간다
863	좀 틀에 박히긴 했지만 우리나라서 이 이상의 블록버스터 있습니까?
864	재밌을 수 밖에 없는 준비된 캐릭터와 마블식 유머
865	이 영화는 아무리 외면하고 벽을 세워도 그 틈새로, 벽 위의 하늘로, 소리로, 그리고 그 모든 다른 형태로 팔을 뻗쳐오는 감각들의 체험. 영화가 구현하는 영역과 구현하지 않는 영역 사이에 존재하며 우리의 인식 범위 안에 들어와있던 그 감각들은, 이따금씩 특히 사운드의 형태로 전면에 나선다. 그들의 존재를 가리는 시각 이미지가 무력화 되는 시간에 존재를 드러내거나(열화상 카메라, 동시에 들리는
866	쿠키영상 1개있음. .... ... .. 아기 달마시안 들과 자기팀원 모으기 영화가 매력있다.ost도 좋고. 극중 의상들도 패셔너블하고 눈이랑 귀가 즐겁다. 크루엘라와 그녀를 돕는 친구들. 특히 아티 캐릭터.매장이름이 두번째 인연 진짜로 그렇게 됐어 강아지의 활약상도 깜찍했고 살찐 달마시안의..그 이유도..쿠키영상 보면 알지롱~ 출생의 비밀은 진부하지만 엄마가 너무해.드라마 사이코지만 괜찮아
867	연기, 캐스팅, 음악 모두 훌륭했지만 약간 부족한 연출과 플롯. 픽션이니까..하고 넘어가기엔 놀란 감독의 전작들과 비교해 아쉬웠다.
868	확신과 불신 사이에서 절망을 말하다.
869	Speechless.
870	영화를 보는 내내 다른 생각을 할 수가 없었다.
871	열번을 보면서 매번 다른 생각으로 나를 사로잡는, 한권의 책을 읽는 듯한 영화
872	TV쇼와 시청자들에 대한 고찰. 끝내 능동성을 찾은 트루먼과 만들어진 세상에 몰입하지만 이내 잊어버리는 수동적 시청자들과 대비가 씁쓸하게 다가온다.
873	500일의 스파이더맨2
874	진짜 짜증나게 재밌어 좋아 짜릿해 늘 새로워
875	어설프고 엉성하고, 어이가 없네.
876	네가 괴물이야.
877	믿고보는 송강호 + 몰입도 짱짱! 그동안 그다지 와닿지 않았었던 민주화, 운동권에 대해 생각해볼수있는 기회가 되었다. 감명깊은영화.
878	오직 조커만이 줄수있는 느낌
879	미래를 생각할 수 없을 만큼 현실에 대한 무게가 소년이 길어나르는 물통 무게 그 이상으로 소년을 짓누르지만 그 어떤 어른보다도 잘 해내간다
880	이 영화를 봤었나 긴가민가 할정도로 기억에 안남지만 재밌게 봤던거 같음
881	거짓말을할수없기에 작성하지않겠다...
882	진짜 한 30번 본듯 또봐야지
883	연신 사이다만 들이키고 있어서 개운했다
884	주인공 보고 본 영화,, 꽤 연기력있고, 나름 이름있는 배우들이 영화를 선택을 잘 못하는 것 같다..
885	전작의 단점을 딛고 우직하게 이루어낸 추모의 기도.
886	정말 내 취향인 영화다.
887	이야기 설정은 새로왔으나 캐릭터들 자체는 조금 진부한 것이 딱 어린이를 위한 애니메이션 가장 큰 감점요인은 역시 계속 내 의자를 발로 차는 꼬마들
888	이런 한국식 액션영화라면!
889	모든 반지의 제왕 시리즈는 옳다. 왕의 귀환은 특히 옳다 평생의 역작을 만들어 낸 피터 잭슨에게 감사를
890	정말 재밌다 언젠가 일어나게 될 인류를 존폐위기로 몰아넣을 자연재해나 다른 사건이 발생할 경우 인간본성의 양면 그 어느쪽에 설것인가를 생각하게 하기 때문에 이 영화는 그냥 좀비영화나 재난영화 그 이상의 가치가 있다
891	2023-4
892	신의 세계까지 가족 신파라니. 난 전편이 나았다.
893	결국 조정석
894	모든 걸 다 아는 소녀와 우유 같이 하얀 남자
895	결말을 알고있기에 더 답답했던 2시간
896	전체적으로 진부하고 촌스럽고 유치함.
897	가볍게 보긴 좋다만, 딱 거기까지
898	가족적이고 유쾌한 분위기의 앤트맨 영화지만, 마블 유니버스를 위해서라면야.. 마블이 영화를 다음을 위한 예고편 쯤으로 취급하는 것 같다.
899	범죄도시 극강의 히어로 마동석의 힘! - 롯데시네마 서귀포
900	소름끼치는 영화 소름.우울.우울 우울이란게 난 너무 좋아 좋아 우울이란 단어가 ‘엄마 사랑해’
901	감독이 어느 여름 물놀이를 갔는데 계곡을 가도 바다에 가도 사람이 너무 많아서 빡쳐서 만들었을 것 같은 영화
902	믿고 보는 톰크루즈 ᄏ
903	영화로 한번보고 쿡티비로 또 결제하고 봤다 이 정도면 말 다했지
904	와.. 간만에 같이 땀나는 영화를 보았다. 보통 여배우들 이뻐보일라구 아장아장 뛰는데 윤아는 정말 살기위해 뛰더라
905	고급진 막장드라마. 어색하지 않은 씁쓸함.
906	영화 스스로도 관객을 이해시킬 자신이 없는지 자꾸 이해하지 말고 느끼라고 밑밥을 까는데... 전개나 내용은 마치 이해하길 바라는듯이 전개되어 모순이 느껴짐 대사, 사건, 캐릭터 전부 개연성이 없고 (설정을 설명하려다 시간 다 쓰는 느낌), 결국 시간이 거꾸로가는 장면들 제외하고는 그냥 기존과 다를거 없는 클리셰 가득한 시간여행물
907	허공으로 날아간 화살이 얼마나 떳떳하냐
908	아버지와 딸 같은 클레멘타인스러운 그런 것만 좀 덜어내도 좋을 것 같다. 혹여나 관객들이 덜 울까봐 배려하는 그런 마음 너무 싫다.
909	백년된 야외 상영장에서 더 큰 비행기 소리에 달뜨는 밤이었따 꽤괜
910	보고 나서 든 생각은 여윽시 마블 넘버원 히어로! 마블 스튜디오는 원작 스파이더맨의 매력을 아주 잘 이해하고 있었다 하이틴 장르의 느낌과 이중생활로 인해 생기는 인물간의 갈등,자아성찰 아주 평범한 서민이기에 더 공감이 가고 애착이 간다 관중을 압도하는 악당의 카리스마와 마지막 피터/스파이더맨의 성장까지.. 정말 처음부터 끝까지 뭐하나 부족한 점이 없었다 액션은 뭐 두말할 것도 없이 최고였다 
911	낮춘 눈높이를 감안하더라도 너무 비약적이었던 전개방식
912	언제 자신을 돌아봐야 하며, 언제 용기를 내서 나아갈지, 제일 근래 나온 영화중에 주제의식이 제일 히어로 영화 다웠다.
913	웃긴 영화맞는데 생각보다 액션도 괜찮은걸?
914	무난하게 재미있게 봤었음 재난영화긴 했지만 너무 무겁지도 않고 재미있고 가볍게 보기 좋았다:)
915	이거였구나 빨간 수트에 열광하는 이유
916	'영화'하면 가장 먼저 떠오르는 영화의 제왕
917	박서준이 예쁘다
918	이 영화 보고나서 계속 책장을 만졌는데........
919	한국판 레옹이라고 떠들어대는 사람들이 많다. 물론 거기서 영감을 받았겠지만, 나는 그저 이 영화는 원빈의, 원빈을 위한, 원빈에 의한 영화라고 생각한다.
920	토르가 너무 너무 너무 섹시해서 감격스러웠다 하지만 악역이 너무 섹시하고 고혹적이라서 힘들었다 나라면 그냥 주겄을거야,, 귀여운 헐크 마블 싸라해
921	‘내전‘이라는 피아 식별의 경계가 희미한 전선에서 의미를 잃은 사진과 총알들. 지나치게 감상적으로 접근 하느라 휘발된 정치적이고 철학적인 이슈. A24답지 않은 명작이 되고 싶은 야심만 드러낸 셔터질과 허세 가득한 플레이 리스트 속에 진행 되는, 굳이? 싶은 순간이 너무 많은 리얼 종군 체험 투어.
922	항상 영화보고 예고편을 다시보는데 예고편을 영화에 비해 못 만든거 같은건 나뿐인가
923	류승완은 드디어 군함도에서 탈출했다.. 노련한 스펙타클과 그럴것같은 에피소드. 남북이 처한 상황을 과도하게 버무리지 않은 현명함.
924	마음에 드는 특유의 편집스타일
925	액션 스파이물의 새로운 톤엔 매너를 제시
926	내가 어릴때 그토록 사랑했던 애니메이션이 이렇게 묵직항 주제를 담고있던 애니메이션이었다니.
927	사랑이없으면영화를못쓰나 전형적 미국식 상업영화
928	가능한 디테일을 살리려고 노력한 모습이 보여서 좋았다. 하지만 그래도 원작에 비해 생략된 부분이 많아서 좀 아쉬웠다.
929	맛있어서 또 먹고 싶어 2회차 찾아가는 집 = 맛집 무슨 맛인지 모르겠어서 두 번 이상 먹어봐야 하는 집 = 사기꾼
930	어휴;: 이 영화 생각만 해도 답답허구 체할것같음
931	사망플래그가 그리많이 꽂혔는데.........
932	걍 내 유년시절
933	21세기 헐리우드영화의 최고의 성과중에 하나라고 한다라면 한번 침체기를 겪었던 슈퍼히어로물을 다시금 부활시킨 것
934	류승완의 부당거래를 잇는 수작, 유아인의 재발견
935	화려한 꽃, 화려한 돈, 화려한 손짓에 속지 마라
936	한 번 보면 수작이고 두 번 보면 걸작이다
937	뻔한 스토리였지만 감정선을 제대로 자극한다
938	'그럴 리 없는데, 그럴 리 없다고..'
939	다섯권짜리를 한 편으로 줄이려니 망작일 수 밖에.
940	그냥 볼만해요.
941	스파이더맨 vs 토니legacy 토니가 없지만 전편보다 토니는 더 많이 등장했다.. 그래도 토니의 빈자리는 너무 크다.
942	라일리는 영화를 보고 있는 모두.
943	포스터에 있는 셋 다 짜증나
944	유쾌하면서도 많은 생각을 하게 만드는
945	-마블의 가장 큰 힘은 관객과 소통할 줄 아는 것 -화장실 갈 타이밍 재다 혼남 -아이맥스로 봤으면 피곤해서 3시간 못 버텼을 거라고 정신승리중 -번역가가 남양이냐 왜 숨겨
946	액션만큼은 확실하나 긴 러닝타임을 확실히 매꿨다기엔 의문이 든다.
947	사사로운 사건들과 인물 관계를 버리니 이야기 자체가 싱거워지고 인물들이 평면적이여 보임.. 그냥 단순 시골 범인 찾기 스릴러가 됨..
948	마마마의 SF버전.
949	인생은 영화와 다르지만 모아놓은 영화의 키스씬 처럼 기억에 남은 필름조각들은 찬란하다.
950	거슬리는게 너무 많아서 하나 헛헛하게 웃다보면 또 하나,둘 웃을게 계속 나온다ᄏᄏᄏᄏᄏᄏ 연상호감독 영화를 극장에서 다시 보나봐라ᄏᄏ 세계관이며 뭐며 아까운 것 투성이 와중에 구교환의 연기만 보인다. 다음에 어떤 영화에서 멋진 연기를 보여줄지. 오리지널리티를 증명해내 새로운 명배우가 탄생하길! 아 이레 배우도 고생 참 많으셨어요. 눈빛이 진짜 살아있네. 차 모는 연기도 그 나이에 정말 대단하
951	잘생긴 남자와 잘생김을 연기하는 남자 그리고 돼지가 있다 언듯 보면 B급 영화가 될 수 있었지만 찾아보면 숨은 의미가 많아 계속 생각된다 아쉬우면서도 아쉽지 않은 영화
952	기대가 너무 컸던걸까 히어로물로써는 완벽했다
953	지니가 인상깊었으나 역시 원작은 못 따라옴. 여주인공 너무 페미전사로 그린 것 아닌지.. 마지막 노래는 겨울왕국2 인줄
954	아무것도 모르거 봤는데 최고!
955	러닝타임 뭐지? 어디에서 웃으라는 거지?? 지금 웃으라고 하는거지?! CGV강남에서 신애님과 함께.
956	무너진 꿈들 속에서 더욱 단단해지는 가족을 발견하는 아이러니.
957	배트맨은 <다크 나이트>, 스파이더맨은 <스파이더맨2>.
958	당신이 떨어지고 모든 것이 무너져 내렸음에도, 가려진 진실을 가늠할 수 있는 이야기로 만들어 스스로를 살게 하는 것이 남은 자들의 일 20240131 @CGV아트하우스
959	팹시예니콜마카오박좋음이
960	각자의 스파이더맨 모두 매력 있지만, 제일 거미 같아서 마음에 들었다
961	홍보가 굉장히 잘 된 듯한 영화. 활보다는 재미 없었다
962	이번 편은 중간보스 둘만 잡고 끝난 듯
963	봉준호의 세계를 맛볼 수 있는 영화
964	가슴을 설레게 해준영화 되게 시끄러운 영화 변신하나만으로 이영화는 끝남
965	기대 없이 봐서 그런가 생각보다 좋았다! 회사와 여직원들의 대립도 잘 보이고 주인공들의 고군분투와 중간 약간의 반전까지. 머리아프게 꼬지 않고 유쾌하게 풀어가서 보다보면 2시간 금방!
966	내 롤모델 이정은
967	나의 어제는 아직도 무엇을 입을지 고민할 필요 없었던 그 시절인데
968	SF의 탈을 쓴 영웅서사시
969	영상 개이쁨
970	하고 싶은 얘기를 다 하다가 뭘 얘기하고 싶은지 모르겠음
971	아주 강렬하고 용감하게 정경언유착을 고발한것과 통쾌하게 해결해줘 카타르시스 느낌. 버뜨 현실은 그렇게 못한다는거.... ᅲ
972	극을 전체적으로 리드하는 두 여성 캐릭터(이번엔 안나까지)는 좋았는데, 그 외의 캐릭터 활용을 이렇게밖에 할 수 없었는지 참 의문. 더 잘할 수 있지 않았나요 디즈니...?
973	만화에 철학을 담고 어색하지 않게만든 첫시작.
974	한가지 아쉬웠던 건 신더의 딸이 신데렐라가 되었다는 것
975	명시된 예견 탈피의 강박을 위한 서사의 원경에 내딛은 걸음걸음이 모래 폭풍 빈구멍에 빠져 빛나던 세계마저 묻힌다.
976	🎧 Turn Up The Sunshine - Diana Ross & Tame Impala
977	모처럼의 영화화지만 아쉬운건 어쩔수 없나
978	니내 누군지아니!!!!!!나 하얼빈 장첸이야!!!! 희대의 유행어 남길만 하다....존잼
979	섬세하게 상상하는 역사속 암투의 비밀
980	더 이상 넘어가지 않는 페이지에 지우고 덧쓰다 이내 찢어져버리고 마는 인생의 기록 타자의 시선에서만 생각했던 치매가 선명하게 느껴진다.
981	처음에는 단순한 시간 여행 영화에서 후반부 깊은 울림과 교훈을 주는 영화
982	생각해볼것이 많아지는 영화..나홍진 감독은 여러모로 미친거 같다
983	엔딩에 들어간 여러가지 생각들...멈춰진 기차와 살아남은 이들..
984	x2+(x+a)x+ab=(x+a)(x+b)
985	완벽한 타인만큼 완벽한 제목이 없는 듯 킬링타임으로 딱. 유치하고 무리일 수 있는 스토리를 개연성있게 잘 연출한 것 같다. 배우들의 연기도 좋아서 보는 내내 즐거웠지만 씁쓸하고 생각이 많아지는 엔딩. 타인과 나 / 나와 나 자신의 관계에 대해 생각해보게 된다.
986	꼭 4DX로 보세요!
987	원형적인 통로에 갇힌 큐비즘을 보는거 같은 느낌의 전형적이면서 새로운 세계관
988	이런 미친...
989	구스구스구스구스구스범스
990	헬라가 멋있다.
991	더빙으로 한번 더보고싶다
992	강요도 설득도 없이 관객을 이끄는 힘이 대단하다. 요목조목 설명하지 않아도 이 이야기의 구조가 얼마나 단단한지 알 수 있었다. 좋은 영화다. 우리는 얼마나 많은 왜곡에 시달리는가, 지독하게 편협한 시각으로 얼마나 숱한 것들을 재단하려 달려들었는가, 그리고 얼마나 무고한 것들을 끝내 짓밟고 서서 살아가는가.
993	ᄆᄎ나 개재밋노 최익현 말빨 개웃김 촤하하
994	이토록 유혈이 낭자한데 귀여울 수 있다니
995	전혀 개연성 없는 스토리에 불편한 이준의 케릭터...웃다가 짜증나는 영화
996	엉성한 각본, 아마추어스러운 연출, 비현실적인 전개, 유치한 메시지, 부족한 연기가 빚어낸, 몰입하기 힘든 스릴러
997	나 없으면 누가 울어주나 엄마, 할머니 얘기는 언제봐도 슬프다
998	베놈 이 매력적인 캐릭터를, 톰하디가 아닌 소니가 망쳐놨다
999	류승완감독이 해외에서 찍은 영화는 보면 안맞는 옷을 입은 느낌이다
1000	본편에 대한 최선의 예의, 코로나 이후 사람들을 영화관으로 이끄는 힘
